
======================================================================
[START] task_update at 2026-09-14 19:15:03
======================================================================
0.25s - Expected: c:\Users\ROG\.antigravity-ide\extensions\ms-python.debugpy-2026.6.0-win32-x64\bundled\libs\debugpy\_vendored\pydevd\pydevd_attach_to_process\attach_amd64.dll to exist.
=========================================
Task Update started at 2026-09-14 19:15:10 (force=False)
Market Status Check -> หุ้นที่ตรวจได้: 10/10 | สถานะส่วนใหญ่: 'Close' (10/10) | เปิดอยู่: 0%
Data copied to 'portfolio_stock' successfully.
บันทึกข้อมูลพอร์ต 602018178 เรียบร้อยแล้ว
Processing symbol: 1DIV
Processing 1DIV: Start from 2026-09-11 to 2026-09-14
process in 0.17 second , Updated data for symbol: 1DIV
Sleeping for -0.01 seconds to avoid hitting API rate limits.
Processing symbol: 1I01BSET50
Processing 1I01BSET50: Start from 2026-09-11 to 2026-09-14
process in 0.12 second , Updated data for symbol: 1I01BSET50
Sleeping for 0.05 seconds to avoid hitting API rate limits.
Processing symbol: 2I01BSET50
Processing 2I01BSET50: Start from 2026-09-11 to 2026-09-14
process in 0.34 second , Updated data for symbol: 2I01BSET50
Sleeping for -0.17 seconds to avoid hitting API rate limits.
Processing symbol: 2S
Processing 2S: Start from 2026-09-11 to 2026-09-14
process in 0.13 second , Updated data for symbol: 2S
Sleeping for 0.04 seconds to avoid hitting API rate limits.
Processing symbol: 2X01BSET50
Processing 2X01BSET50: Start from 2026-09-11 to 2026-09-14
process in 0.37 second , Updated data for symbol: 2X01BSET50
Sleeping for -0.20 seconds to avoid hitting API rate limits.
Processing symbol: 3BBIF
Processing 3BBIF: Start from 2026-09-11 to 2026-09-14
process in 0.11 second , Updated data for symbol: 3BBIF
Sleeping for 0.05 seconds to avoid hitting API rate limits.
Processing symbol: 88TH
Processing 88TH: Start from 2026-09-11 to 2026-09-14
process in 0.43 second , Updated data for symbol: 88TH
Sleeping for -0.27 seconds to avoid hitting API rate limits.
Processing symbol: A
Processing A: Start from 2026-09-08 to 2026-09-14
process in 0.14 second , Updated data for symbol: A
Sleeping for 0.03 seconds to avoid hitting API rate limits.
Processing symbol: A5
Processing A5: Start from 2026-09-11 to 2026-09-14
process in 0.13 second , Updated data for symbol: A5
Sleeping for 0.04 seconds to avoid hitting API rate limits.
Processing symbol: AAI
Processing AAI: Start from 2026-09-11 to 2026-09-14
process in 0.13 second , Updated data for symbol: AAI
Sleeping for 0.04 seconds to avoid hitting API rate limits.
Processing symbol: AAV
Processing AAV: Start from 2026-09-11 to 2026-09-14
process in 0.12 second , Updated data for symbol: AAV
Sleeping for 0.05 seconds to avoid hitting API rate limits.
Processing symbol: ABFTH
Processing ABFTH: Start from 2026-07-31 to 2026-09-14
process in 0.12 second , Updated data for symbol: ABFTH
Sleeping for 0.04 seconds to avoid hitting API rate limits.
Processing symbol: ABM
Processing ABM: Start from 2026-09-11 to 2026-09-14
process in 0.12 second , Updated data for symbol: ABM
Sleeping for 0.05 seconds to avoid hitting API rate limits.
Processing symbol: ACAP
Processing ACAP: Start from 2023-05-17 to 2026-09-14
process in 0.10 second , Updated data for symbol: ACAP
Sleeping for 0.06 seconds to avoid hitting API rate limits.
Processing symbol: ACC
Processing ACC: Start from 2026-09-11 to 2026-09-14
process in 0.15 second , Updated data for symbol: ACC
Sleeping for 0.01 seconds to avoid hitting API rate limits.
Processing symbol: ACE
Processing ACE: Start from 2026-09-11 to 2026-09-14
process in 0.11 second , Updated data for symbol: ACE
Sleeping for 0.05 seconds to avoid hitting API rate limits.
Processing symbol: ACG
Processing ACG: Start from 2026-09-11 to 2026-09-14
process in 0.13 second , Updated data for symbol: ACG
Sleeping for 0.03 seconds to avoid hitting API rate limits.
Processing symbol: ADB
Processing ADB: Start from 2026-09-11 to 2026-09-14
process in 0.12 second , Updated data for symbol: ADB
Sleeping for 0.04 seconds to avoid hitting API rate limits.
Processing symbol: ADD
Processing ADD: Start from 2026-09-11 to 2026-09-14
process in 0.11 second , Updated data for symbol: ADD
Sleeping for 0.06 seconds to avoid hitting API rate limits.
Processing symbol: ADVANC
Processing ADVANC: Start from 2026-09-11 to 2026-09-14
process in 0.11 second , Updated data for symbol: ADVANC
Sleeping for 0.06 seconds to avoid hitting API rate limits.
Processing symbol: ADVICE
Processing ADVICE: Start from 2026-09-11 to 2026-09-14
process in 0.15 second , Updated data for symbol: ADVICE
Sleeping for 0.02 seconds to avoid hitting API rate limits.
Processing symbol: AE
Processing AE: Start from 2026-09-11 to 2026-09-14
process in 0.17 second , Updated data for symbol: AE
Sleeping for -0.00 seconds to avoid hitting API rate limits.
Processing symbol: AEONTS
Processing AEONTS: Start from 2026-09-11 to 2026-09-14
process in 0.12 second , Updated data for symbol: AEONTS
Sleeping for 0.05 seconds to avoid hitting API rate limits.
Processing symbol: AF
Processing AF: Start from 2026-09-11 to 2026-09-14
process in 0.35 second , Updated data for symbol: AF
Sleeping for -0.18 seconds to avoid hitting API rate limits.
Processing symbol: AFC
Processing AFC: Start from 2026-09-11 to 2026-09-14
process in 0.11 second , Updated data for symbol: AFC
Sleeping for 0.05 seconds to avoid hitting API rate limits.
Processing symbol: AGE
Processing AGE: Start from 2026-09-11 to 2026-09-14
process in 0.11 second , Updated data for symbol: AGE
Sleeping for 0.06 seconds to avoid hitting API rate limits.
Processing symbol: AH
Processing AH: Start from 2026-09-11 to 2026-09-14
process in 0.12 second , Updated data for symbol: AH
Sleeping for 0.05 seconds to avoid hitting API rate limits.
Processing symbol: AHC
Processing AHC: Start from 2026-09-11 to 2026-09-14
process in 0.11 second , Updated data for symbol: AHC
Sleeping for 0.05 seconds to avoid hitting API rate limits.
Processing symbol: AI
Processing AI: Start from 2026-09-11 to 2026-09-14
process in 0.11 second , Updated data for symbol: AI
Sleeping for 0.06 seconds to avoid hitting API rate limits.
Processing symbol: AIE
Processing AIE: Start from 2026-09-10 to 2026-09-14
process in 0.12 second , Updated data for symbol: AIE
Sleeping for 0.04 seconds to avoid hitting API rate limits.
Processing symbol: AIMCG
Processing AIMCG: Start from 2026-09-11 to 2026-09-14
process in 0.12 second , Updated data for symbol: AIMCG
Sleeping for 0.04 seconds to avoid hitting API rate limits.
Processing symbol: AIMIRT
Processing AIMIRT: Start from 2026-09-11 to 2026-09-14
process in 0.11 second , Updated data for symbol: AIMIRT
Sleeping for 0.05 seconds to avoid hitting API rate limits.
Processing symbol: AIRA
Processing AIRA: Start from 2026-09-10 to 2026-09-14
process in 0.11 second , Updated data for symbol: AIRA
Sleeping for 0.05 seconds to avoid hitting API rate limits.
Processing symbol: AIT
Processing AIT: Start from 2026-09-11 to 2026-09-14
process in 0.12 second , Updated data for symbol: AIT
Sleeping for 0.05 seconds to avoid hitting API rate limits.
Processing symbol: AJ
Processing AJ: Start from 2026-09-11 to 2026-09-14
process in 0.13 second , Updated data for symbol: AJ
Sleeping for 0.04 seconds to avoid hitting API rate limits.
Processing symbol: AJA
Processing AJA: Start from 2026-09-11 to 2026-09-14
process in 0.13 second , Updated data for symbol: AJA
Sleeping for 0.04 seconds to avoid hitting API rate limits.
Processing symbol: AKP
Processing AKP: Start from 2026-09-11 to 2026-09-14
process in 0.36 second , Updated data for symbol: AKP
Sleeping for -0.19 seconds to avoid hitting API rate limits.
Processing symbol: AKR
Processing AKR: Start from 2026-09-11 to 2026-09-14
process in 0.12 second , Updated data for symbol: AKR
Sleeping for 0.05 seconds to avoid hitting API rate limits.
Processing symbol: AKS
Processing AKS: Start from 2026-07-03 to 2026-09-14
process in 0.11 second , Updated data for symbol: AKS
Sleeping for 0.06 seconds to avoid hitting API rate limits.
Processing symbol: ALLA
Processing ALLA: Start from 2026-09-11 to 2026-09-14
process in 0.12 second , Updated data for symbol: ALLA
Sleeping for 0.05 seconds to avoid hitting API rate limits.
Processing symbol: ALLY
Processing ALLY: Start from 2026-09-11 to 2026-09-14
process in 0.15 second , Updated data for symbol: ALLY
Sleeping for 0.02 seconds to avoid hitting API rate limits.
Processing symbol: ALPHAX
Processing ALPHAX: Start from 2026-09-11 to 2026-09-14
process in 0.12 second , Updated data for symbol: ALPHAX
Sleeping for 0.04 seconds to avoid hitting API rate limits.
Processing symbol: ALT
Processing ALT: Start from 2026-09-11 to 2026-09-14
process in 0.12 second , Updated data for symbol: ALT
Sleeping for 0.04 seconds to avoid hitting API rate limits.
Processing symbol: ALUCON
Processing ALUCON: Start from 2026-09-11 to 2026-09-14
process in 0.12 second , Updated data for symbol: ALUCON
Sleeping for 0.05 seconds to avoid hitting API rate limits.
Processing symbol: AMA
Processing AMA: Start from 2026-09-11 to 2026-09-14
process in 0.13 second , Updated data for symbol: AMA
Sleeping for 0.04 seconds to avoid hitting API rate limits.
Processing symbol: AMANAH
Processing AMANAH: Start from 2026-09-11 to 2026-09-14
process in 0.15 second , Updated data for symbol: AMANAH
Sleeping for 0.02 seconds to avoid hitting API rate limits.
Processing symbol: AMARC
Processing AMARC: Start from 2026-09-11 to 2026-09-14
process in 0.14 second , Updated data for symbol: AMARC
Sleeping for 0.02 seconds to avoid hitting API rate limits.
Processing symbol: AMARIN
Processing AMARIN: Start from 2026-09-11 to 2026-09-14
process in 0.13 second , Updated data for symbol: AMARIN
Sleeping for 0.04 seconds to avoid hitting API rate limits.
Processing symbol: AMATA
Processing AMATA: Start from 2026-09-11 to 2026-09-14
process in 0.14 second , Updated data for symbol: AMATA
Sleeping for 0.02 seconds to avoid hitting API rate limits.
Processing symbol: AMATAR
Processing AMATAR: Start from 2026-09-11 to 2026-09-14
process in 0.11 second , Updated data for symbol: AMATAR
Sleeping for 0.06 seconds to avoid hitting API rate limits.
Processing symbol: AMATAV
Processing AMATAV: Start from 2026-09-11 to 2026-09-14
process in 0.14 second , Updated data for symbol: AMATAV
Sleeping for 0.03 seconds to avoid hitting API rate limits.
Processing symbol: AMC
Processing AMC: Start from 2026-09-11 to 2026-09-14
process in 0.12 second , Updated data for symbol: AMC
Sleeping for 0.05 seconds to avoid hitting API rate limits.
Processing symbol: AMR
Processing AMR: Start from 2026-09-11 to 2026-09-14
process in 0.12 second , Updated data for symbol: AMR
Sleeping for 0.05 seconds to avoid hitting API rate limits.
Processing symbol: ANAN
Processing ANAN: Start from 2026-09-11 to 2026-09-14
process in 0.12 second , Updated data for symbol: ANAN
Sleeping for 0.05 seconds to avoid hitting API rate limits.
Processing symbol: ANI
Processing ANI: Start from 2026-09-11 to 2026-09-14
process in 0.12 second , Updated data for symbol: ANI
Sleeping for 0.05 seconds to avoid hitting API rate limits.
Processing symbol: AOT
Processing AOT: Start from 2026-09-11 to 2026-09-14
process in 0.12 second , Updated data for symbol: AOT
Sleeping for 0.05 seconds to avoid hitting API rate limits.
Processing symbol: AP
Processing AP: Start from 2026-09-11 to 2026-09-14
process in 0.12 second , Updated data for symbol: AP
Sleeping for 0.05 seconds to avoid hitting API rate limits.
Processing symbol: APCO
Processing APCO: Start from 2026-09-11 to 2026-09-14
process in 0.16 second , Updated data for symbol: APCO
Sleeping for 0.01 seconds to avoid hitting API rate limits.
Processing symbol: APCS
Processing APCS: Start from 2026-09-11 to 2026-09-14
process in 0.13 second , Updated data for symbol: APCS
Sleeping for 0.04 seconds to avoid hitting API rate limits.
Processing symbol: APO
Processing APO: Start from 2026-09-11 to 2026-09-14
process in 0.12 second , Updated data for symbol: APO
Sleeping for 0.04 seconds to avoid hitting API rate limits.
Processing symbol: APP
Processing APP: Start from 2026-09-11 to 2026-09-14
process in 0.12 second , Updated data for symbol: APP
Sleeping for 0.04 seconds to avoid hitting API rate limits.
Processing symbol: APURE
Processing APURE: Start from 2026-09-11 to 2026-09-14
process in 0.13 second , Updated data for symbol: APURE
Sleeping for 0.04 seconds to avoid hitting API rate limits.
Processing symbol: AQUA
Processing AQUA: Start from 2026-09-11 to 2026-09-14
process in 0.13 second , Updated data for symbol: AQUA
Sleeping for 0.04 seconds to avoid hitting API rate limits.
Processing symbol: ARIN
Processing ARIN: Start from 2026-09-11 to 2026-09-14
process in 0.12 second , Updated data for symbol: ARIN
Sleeping for 0.05 seconds to avoid hitting API rate limits.
Processing symbol: ARIP
Processing ARIP: Start from 2026-09-11 to 2026-09-14
process in 0.11 second , Updated data for symbol: ARIP
Sleeping for 0.05 seconds to avoid hitting API rate limits.
Processing symbol: ARROW
Processing ARROW: Start from 2026-09-11 to 2026-09-14
process in 0.12 second , Updated data for symbol: ARROW
Sleeping for 0.05 seconds to avoid hitting API rate limits.
Processing symbol: AS
Processing AS: Start from 2026-09-11 to 2026-09-14
process in 0.12 second , Updated data for symbol: AS
Sleeping for 0.05 seconds to avoid hitting API rate limits.
Processing symbol: ASAP
Processing ASAP: Start from 2026-09-11 to 2026-09-14
process in 0.12 second , Updated data for symbol: ASAP
Sleeping for 0.05 seconds to avoid hitting API rate limits.
Processing symbol: ASEFA
Processing ASEFA: Start from 2026-09-11 to 2026-09-14
process in 0.15 second , Updated data for symbol: ASEFA
Sleeping for 0.01 seconds to avoid hitting API rate limits.
Processing symbol: ASIA
Processing ASIA: Start from 2026-09-11 to 2026-09-14
process in 0.12 second , Updated data for symbol: ASIA
Sleeping for 0.05 seconds to avoid hitting API rate limits.
Processing symbol: ASIAN
Processing ASIAN: Start from 2026-09-11 to 2026-09-14
process in 0.12 second , Updated data for symbol: ASIAN
Sleeping for 0.05 seconds to avoid hitting API rate limits.
Processing symbol: ASIMAR
Processing ASIMAR: Start from 2026-09-11 to 2026-09-14
process in 0.11 second , Updated data for symbol: ASIMAR
Sleeping for 0.05 seconds to avoid hitting API rate limits.
Processing symbol: ASK
Processing ASK: Start from 2026-09-11 to 2026-09-14
process in 0.12 second , Updated data for symbol: ASK
Sleeping for 0.05 seconds to avoid hitting API rate limits.
Processing symbol: ASN
Processing ASN: Start from 2026-09-11 to 2026-09-14
process in 0.12 second , Updated data for symbol: ASN
Sleeping for 0.05 seconds to avoid hitting API rate limits.
Processing symbol: ASP
Processing ASP: Start from 2026-09-11 to 2026-09-14
process in 0.12 second , Updated data for symbol: ASP
Sleeping for 0.05 seconds to avoid hitting API rate limits.
Processing symbol: ASTR
Processing ASTR: Start from 2026-09-11 to 2026-09-14
process in 0.12 second , Updated data for symbol: ASTR
Sleeping for 0.05 seconds to avoid hitting API rate limits.
Processing symbol: ASW
Processing ASW: Start from 2026-09-11 to 2026-09-14
process in 0.11 second , Updated data for symbol: ASW
Sleeping for 0.06 seconds to avoid hitting API rate limits.
Processing symbol: ATLAS
Processing ATLAS: Start from 2026-09-11 to 2026-09-14
process in 0.12 second , Updated data for symbol: ATLAS
Sleeping for 0.05 seconds to avoid hitting API rate limits.
Processing symbol: ATP30
Processing ATP30: Start from 2026-09-11 to 2026-09-14
process in 0.11 second , Updated data for symbol: ATP30
Sleeping for 0.05 seconds to avoid hitting API rate limits.
Processing symbol: AU
Processing AU: Start from 2026-09-11 to 2026-09-14
process in 0.11 second , Updated data for symbol: AU
Sleeping for 0.06 seconds to avoid hitting API rate limits.
Processing symbol: AUCT
Processing AUCT: Start from 2026-09-11 to 2026-09-14
process in 0.11 second , Updated data for symbol: AUCT
Sleeping for 0.05 seconds to avoid hitting API rate limits.
Processing symbol: AURA
Processing AURA: Start from 2026-09-11 to 2026-09-14
process in 0.12 second , Updated data for symbol: AURA
Sleeping for 0.05 seconds to avoid hitting API rate limits.
Processing symbol: AWC
Processing AWC: Start from 2026-09-11 to 2026-09-14
process in 0.62 second , Updated data for symbol: AWC
Sleeping for -0.45 seconds to avoid hitting API rate limits.
Processing symbol: AXTRART
Processing AXTRART: Start from 2026-09-11 to 2026-09-14
process in 0.11 second , Updated data for symbol: AXTRART
Sleeping for 0.06 seconds to avoid hitting API rate limits.
Processing symbol: AYUD
Processing AYUD: Start from 2026-09-11 to 2026-09-14
process in 0.11 second , Updated data for symbol: AYUD
Sleeping for 0.06 seconds to avoid hitting API rate limits.
Processing symbol: B
Processing B: Start from 2026-09-11 to 2026-09-14
process in 0.11 second , Updated data for symbol: B
Sleeping for 0.06 seconds to avoid hitting API rate limits.
Processing symbol: B-WORK
Processing B-WORK: Start from 2026-09-11 to 2026-09-14
process in 0.15 second , Updated data for symbol: B-WORK
Sleeping for 0.02 seconds to avoid hitting API rate limits.
Processing symbol: B52
Processing B52: Start from 2026-09-11 to 2026-09-14
process in 0.11 second , Updated data for symbol: B52
Sleeping for 0.05 seconds to avoid hitting API rate limits.
Processing symbol: BA
Processing BA: Start from 2026-09-11 to 2026-09-14
process in 0.14 second , Updated data for symbol: BA
Sleeping for 0.03 seconds to avoid hitting API rate limits.
Processing symbol: BAFS
Processing BAFS: Start from 2026-09-11 to 2026-09-14
process in 0.11 second , Updated data for symbol: BAFS
Sleeping for 0.05 seconds to avoid hitting API rate limits.
Processing symbol: BAM
Processing BAM: Start from 2026-09-11 to 2026-09-14
process in 0.12 second , Updated data for symbol: BAM
Sleeping for 0.05 seconds to avoid hitting API rate limits.
Processing symbol: BANPU
Processing BANPU: Start from 2026-09-11 to 2026-09-14
process in 0.10 second , Updated data for symbol: BANPU
Sleeping for 0.06 seconds to avoid hitting API rate limits.
Processing symbol: BAREIT
Processing BAREIT: Start from 2026-09-11 to 2026-09-14
process in 0.17 second , Updated data for symbol: BAREIT
Sleeping for -0.00 seconds to avoid hitting API rate limits.
Processing symbol: BAY
Processing BAY: Start from 2026-09-11 to 2026-09-14
process in 0.12 second , Updated data for symbol: BAY
Sleeping for 0.05 seconds to avoid hitting API rate limits.
Processing symbol: BBGI
Processing BBGI: Start from 2026-09-11 to 2026-09-14
process in 0.12 second , Updated data for symbol: BBGI
Sleeping for 0.05 seconds to avoid hitting API rate limits.
Processing symbol: BBIK
Processing BBIK: Start from 2026-09-11 to 2026-09-14
process in 0.13 second , Updated data for symbol: BBIK
Sleeping for 0.03 seconds to avoid hitting API rate limits.
Processing symbol: BBL
Processing BBL: Start from 2026-09-11 to 2026-09-14
process in 0.13 second , Updated data for symbol: BBL
Sleeping for 0.03 seconds to avoid hitting API rate limits.
Processing symbol: BC
Processing BC: Start from 2026-09-11 to 2026-09-14
process in 0.14 second , Updated data for symbol: BC
Sleeping for 0.02 seconds to avoid hitting API rate limits.
Processing symbol: BCH
Processing BCH: Start from 2026-09-11 to 2026-09-14
process in 0.15 second , Updated data for symbol: BCH
Sleeping for 0.01 seconds to avoid hitting API rate limits.
Processing symbol: BCP
Processing BCP: Start from 2026-09-11 to 2026-09-14
process in 0.12 second , Updated data for symbol: BCP
Sleeping for 0.04 seconds to avoid hitting API rate limits.
Processing symbol: BCPG
Processing BCPG: Start from 2026-09-11 to 2026-09-14
process in 0.11 second , Updated data for symbol: BCPG
Sleeping for 0.05 seconds to avoid hitting API rate limits.
Processing symbol: BCT
Processing BCT: Start from 2026-09-11 to 2026-09-14
process in 0.14 second , Updated data for symbol: BCT
Sleeping for 0.03 seconds to avoid hitting API rate limits.
Processing symbol: BDMS
Processing BDMS: Start from 2026-09-11 to 2026-09-14
process in 0.12 second , Updated data for symbol: BDMS
Sleeping for 0.05 seconds to avoid hitting API rate limits.
Processing symbol: BE8
Processing BE8: Start from 2026-09-11 to 2026-09-14
process in 0.20 second , Updated data for symbol: BE8
Sleeping for -0.04 seconds to avoid hitting API rate limits.
Processing symbol: BEAUTY
Processing BEAUTY: Start from 2026-09-11 to 2026-09-14
process in 0.12 second , Updated data for symbol: BEAUTY
Sleeping for 0.05 seconds to avoid hitting API rate limits.
Processing symbol: BEC
Processing BEC: Start from 2026-09-11 to 2026-09-14
process in 0.12 second , Updated data for symbol: BEC
Sleeping for 0.04 seconds to avoid hitting API rate limits.
Processing symbol: BEM
Processing BEM: Start from 2026-09-11 to 2026-09-14
process in 0.12 second , Updated data for symbol: BEM
Sleeping for 0.05 seconds to avoid hitting API rate limits.
Processing symbol: BEYOND
Processing BEYOND: Start from 2026-09-11 to 2026-09-14
process in 0.12 second , Updated data for symbol: BEYOND
Sleeping for 0.04 seconds to avoid hitting API rate limits.
Processing symbol: BGC
Processing BGC: Start from 2026-09-11 to 2026-09-14
process in 0.12 second , Updated data for symbol: BGC
Sleeping for 0.04 seconds to avoid hitting API rate limits.
Processing symbol: BGRIM
Processing BGRIM: Start from 2026-09-11 to 2026-09-14
process in 0.15 second , Updated data for symbol: BGRIM
Sleeping for 0.01 seconds to avoid hitting API rate limits.
Processing symbol: BGT
Processing BGT: Start from 2026-09-11 to 2026-09-14
process in 0.16 second , Updated data for symbol: BGT
Sleeping for 0.00 seconds to avoid hitting API rate limits.
Processing symbol: BH
Processing BH: Start from 2026-09-11 to 2026-09-14
process in 0.11 second , Updated data for symbol: BH
Sleeping for 0.06 seconds to avoid hitting API rate limits.
Processing symbol: BIG
Processing BIG: Start from 2026-09-11 to 2026-09-14
process in 0.12 second , Updated data for symbol: BIG
Sleeping for 0.04 seconds to avoid hitting API rate limits.
Processing symbol: BIOTEC
Processing BIOTEC: Start from 2026-09-11 to 2026-09-14
process in 0.11 second , Updated data for symbol: BIOTEC
Sleeping for 0.05 seconds to avoid hitting API rate limits.
Processing symbol: BIS
Processing BIS: Start from 2026-09-11 to 2026-09-14
process in 0.14 second , Updated data for symbol: BIS
Sleeping for 0.02 seconds to avoid hitting API rate limits.
Processing symbol: BIZ
Processing BIZ: Start from 2026-09-11 to 2026-09-14
process in 0.12 second , Updated data for symbol: BIZ
Sleeping for 0.05 seconds to avoid hitting API rate limits.
Processing symbol: BJC
Processing BJC: Start from 2026-09-11 to 2026-09-14
process in 0.12 second , Updated data for symbol: BJC
Sleeping for 0.05 seconds to avoid hitting API rate limits.
Processing symbol: BJCHI
Processing BJCHI: Start from 2026-09-11 to 2026-09-14
process in 0.11 second , Updated data for symbol: BJCHI
Sleeping for 0.05 seconds to avoid hitting API rate limits.
Processing symbol: BKA
Processing BKA: Start from 2026-09-11 to 2026-09-14
process in 0.13 second , Updated data for symbol: BKA
Sleeping for 0.04 seconds to avoid hitting API rate limits.
Processing symbol: BKD
Processing BKD: Start from 2026-09-11 to 2026-09-14
process in 0.12 second , Updated data for symbol: BKD
Sleeping for 0.05 seconds to avoid hitting API rate limits.
Processing symbol: BKGI
Processing BKGI: Start from 2026-09-11 to 2026-09-14
process in 0.13 second , Updated data for symbol: BKGI
Sleeping for 0.04 seconds to avoid hitting API rate limits.
Processing symbol: BKIH
Processing BKIH: Start from 2026-09-11 to 2026-09-14
process in 0.12 second , Updated data for symbol: BKIH
Sleeping for 0.05 seconds to avoid hitting API rate limits.
Processing symbol: BLA
Processing BLA: Start from 2026-09-11 to 2026-09-14
process in 0.12 second , Updated data for symbol: BLA
Sleeping for 0.05 seconds to avoid hitting API rate limits.
Processing symbol: BLAND
Processing BLAND: Start from 2026-09-11 to 2026-09-14
process in 0.11 second , Updated data for symbol: BLAND
Sleeping for 0.05 seconds to avoid hitting API rate limits.
Processing symbol: BLC
Processing BLC: Start from 2026-09-11 to 2026-09-14
process in 0.11 second , Updated data for symbol: BLC
Sleeping for 0.06 seconds to avoid hitting API rate limits.
Processing symbol: BLESS
Processing BLESS: Start from 2026-09-11 to 2026-09-14
process in 0.11 second , Updated data for symbol: BLESS
Sleeping for 0.06 seconds to avoid hitting API rate limits.
Processing symbol: BLISS
Processing BLISS: Start from 2019-07-31 to 2026-09-14
process in 0.11 second , Updated data for symbol: BLISS
Sleeping for 0.06 seconds to avoid hitting API rate limits.
Processing symbol: BM
Processing BM: Start from 2026-09-11 to 2026-09-14
process in 0.14 second , Updated data for symbol: BM
Sleeping for 0.03 seconds to avoid hitting API rate limits.
Processing symbol: BMSCG
Processing BMSCG: Start from 2026-09-10 to 2026-09-14
process in 0.17 second , Updated data for symbol: BMSCG
Sleeping for -0.00 seconds to avoid hitting API rate limits.
Processing symbol: BMSCITH
Processing BMSCITH: Start from 2026-09-11 to 2026-09-14
process in 0.12 second , Updated data for symbol: BMSCITH
Sleeping for 0.05 seconds to avoid hitting API rate limits.
Processing symbol: BOFFICE
Processing BOFFICE: Start from 2026-09-11 to 2026-09-14
process in 0.14 second , Updated data for symbol: BOFFICE
Sleeping for 0.03 seconds to avoid hitting API rate limits.
Processing symbol: BOL
Processing BOL: Start from 2026-09-11 to 2026-09-14
process in 0.12 second , Updated data for symbol: BOL
Sleeping for 0.05 seconds to avoid hitting API rate limits.
Processing symbol: BPS
Processing BPS: Start from 2026-09-11 to 2026-09-14
process in 0.12 second , Updated data for symbol: BPS
Sleeping for 0.05 seconds to avoid hitting API rate limits.
Processing symbol: BR
Processing BR: Start from 2026-09-11 to 2026-09-14
process in 0.11 second , Updated data for symbol: BR
Sleeping for 0.06 seconds to avoid hitting API rate limits.
Processing symbol: BRI
Processing BRI: Start from 2026-09-11 to 2026-09-14
process in 0.12 second , Updated data for symbol: BRI
Sleeping for 0.05 seconds to avoid hitting API rate limits.
Processing symbol: BROCK
Processing BROCK: Start from 2026-09-11 to 2026-09-14
process in 0.10 second , Updated data for symbol: BROCK
Sleeping for 0.07 seconds to avoid hitting API rate limits.
Processing symbol: BRR
Processing BRR: Start from 2026-09-11 to 2026-09-14
process in 0.13 second , Updated data for symbol: BRR
Sleeping for 0.04 seconds to avoid hitting API rate limits.
Processing symbol: BRRGIF
Processing BRRGIF: Start from 2026-09-11 to 2026-09-14
process in 0.11 second , Updated data for symbol: BRRGIF
Sleeping for 0.06 seconds to avoid hitting API rate limits.
Processing symbol: BSBM
Processing BSBM: Start from 2026-09-11 to 2026-09-14
process in 0.11 second , Updated data for symbol: BSBM
Sleeping for 0.06 seconds to avoid hitting API rate limits.
Processing symbol: BSET100
Processing BSET100: Start from 2026-09-11 to 2026-09-14
process in 0.11 second , Updated data for symbol: BSET100
Sleeping for 0.05 seconds to avoid hitting API rate limits.
Processing symbol: BSM
Processing BSM: Start from 2026-09-11 to 2026-09-14
process in 0.12 second , Updated data for symbol: BSM
Sleeping for 0.05 seconds to avoid hitting API rate limits.
Processing symbol: BTC
Processing BTC: Start from 2026-09-11 to 2026-09-14
process in 0.11 second , Updated data for symbol: BTC
Sleeping for 0.05 seconds to avoid hitting API rate limits.
Processing symbol: BTG
Processing BTG: Start from 2026-09-11 to 2026-09-14
process in 0.11 second , Updated data for symbol: BTG
Sleeping for 0.06 seconds to avoid hitting API rate limits.
Processing symbol: BTNC
Processing BTNC: Start from 2026-09-11 to 2026-09-14
process in 0.17 second , Updated data for symbol: BTNC
Sleeping for 0.00 seconds to avoid hitting API rate limits.
Processing symbol: BTS
Processing BTS: Start from 2026-09-11 to 2026-09-14
process in 0.12 second , Updated data for symbol: BTS
Sleeping for 0.05 seconds to avoid hitting API rate limits.
Processing symbol: BTSGIF
Processing BTSGIF: Start from 2026-09-11 to 2026-09-14
process in 0.11 second , Updated data for symbol: BTSGIF
Sleeping for 0.05 seconds to avoid hitting API rate limits.
Processing symbol: BTW
Processing BTW: Start from 2026-09-11 to 2026-09-14
process in 0.14 second , Updated data for symbol: BTW
Sleeping for 0.02 seconds to avoid hitting API rate limits.
Processing symbol: BUI
Processing BUI: Start from 2026-09-11 to 2026-09-14
process in 0.12 second , Updated data for symbol: BUI
Sleeping for 0.05 seconds to avoid hitting API rate limits.
Processing symbol: BVG
Processing BVG: Start from 2026-09-11 to 2026-09-14
process in 0.19 second , Updated data for symbol: BVG
Sleeping for -0.02 seconds to avoid hitting API rate limits.
Processing symbol: BWG
Processing BWG: Start from 2026-09-11 to 2026-09-14
process in 0.18 second , Updated data for symbol: BWG
Sleeping for -0.01 seconds to avoid hitting API rate limits.
Processing symbol: BYD
Processing BYD: Start from 2026-09-11 to 2026-09-14
process in 0.12 second , Updated data for symbol: BYD
Sleeping for 0.04 seconds to avoid hitting API rate limits.
Processing symbol: CAZ
Processing CAZ: Start from 2026-09-11 to 2026-09-14
process in 0.12 second , Updated data for symbol: CAZ
Sleeping for 0.05 seconds to avoid hitting API rate limits.
Processing symbol: CBG
Processing CBG: Start from 2026-09-11 to 2026-09-14
process in 0.12 second , Updated data for symbol: CBG
Sleeping for 0.05 seconds to avoid hitting API rate limits.
Processing symbol: CCET
Processing CCET: Start from 2026-09-11 to 2026-09-14
process in 0.12 second , Updated data for symbol: CCET
Sleeping for 0.05 seconds to avoid hitting API rate limits.
Processing symbol: CCP
Processing CCP: Start from 2026-09-11 to 2026-09-14
process in 0.13 second , Updated data for symbol: CCP
Sleeping for 0.04 seconds to avoid hitting API rate limits.
Processing symbol: CEN
Processing CEN: Start from 2026-09-11 to 2026-09-14
process in 0.12 second , Updated data for symbol: CEN
Sleeping for 0.05 seconds to avoid hitting API rate limits.
Processing symbol: CENTEL
Processing CENTEL: Start from 2026-09-11 to 2026-09-14
process in 0.12 second , Updated data for symbol: CENTEL
Sleeping for 0.04 seconds to avoid hitting API rate limits.
Processing symbol: CEYE
Processing CEYE: Start from 2026-09-11 to 2026-09-14
process in 0.14 second , Updated data for symbol: CEYE
Sleeping for 0.03 seconds to avoid hitting API rate limits.
Processing symbol: CFARM
Processing CFARM: Start from 2026-09-11 to 2026-09-14
process in 0.12 second , Updated data for symbol: CFARM
Sleeping for 0.05 seconds to avoid hitting API rate limits.
Processing symbol: CFRESH
Processing CFRESH: Start from 2026-09-11 to 2026-09-14
process in 0.12 second , Updated data for symbol: CFRESH
Sleeping for 0.05 seconds to avoid hitting API rate limits.
Processing symbol: CGD
Processing CGD: Start from 2026-09-11 to 2026-09-14
process in 0.12 second , Updated data for symbol: CGD
Sleeping for 0.05 seconds to avoid hitting API rate limits.
Processing symbol: CGH
Processing CGH: Start from 2026-09-11 to 2026-09-14
process in 0.12 second , Updated data for symbol: CGH
Sleeping for 0.05 seconds to avoid hitting API rate limits.
Processing symbol: CH
Processing CH: Start from 2026-09-11 to 2026-09-14
process in 0.13 second , Updated data for symbol: CH
Sleeping for 0.04 seconds to avoid hitting API rate limits.
Processing symbol: CHAO
Processing CHAO: Start from 2026-09-11 to 2026-09-14
process in 0.17 second , Updated data for symbol: CHAO
Sleeping for -0.01 seconds to avoid hitting API rate limits.
Processing symbol: CHARAN
Processing CHARAN: Start from 2026-09-11 to 2026-09-14
process in 0.14 second , Updated data for symbol: CHARAN
Sleeping for 0.03 seconds to avoid hitting API rate limits.
Processing symbol: CHASE
Processing CHASE: Start from 2026-09-11 to 2026-09-14
process in 0.12 second , Updated data for symbol: CHASE
Sleeping for 0.05 seconds to avoid hitting API rate limits.
Processing symbol: CHAYO
Processing CHAYO: Start from 2026-09-11 to 2026-09-14
process in 0.14 second , Updated data for symbol: CHAYO
Sleeping for 0.03 seconds to avoid hitting API rate limits.
Processing symbol: CHEWA
Processing CHEWA: Start from 2026-09-11 to 2026-09-14
process in 0.12 second , Updated data for symbol: CHEWA
Sleeping for 0.05 seconds to avoid hitting API rate limits.
Processing symbol: CHG
Processing CHG: Start from 2026-09-11 to 2026-09-14
process in 0.12 second , Updated data for symbol: CHG
Sleeping for 0.05 seconds to avoid hitting API rate limits.
Processing symbol: CHIC
Processing CHIC: Start from 2026-09-11 to 2026-09-14
process in 0.12 second , Updated data for symbol: CHIC
Sleeping for 0.05 seconds to avoid hitting API rate limits.
Processing symbol: CHINA
Processing CHINA: Start from 2026-09-11 to 2026-09-14
process in 0.11 second , Updated data for symbol: CHINA
Sleeping for 0.06 seconds to avoid hitting API rate limits.
Processing symbol: CHO
Processing CHO: Start from 2026-07-03 to 2026-09-14
process in 0.13 second , Updated data for symbol: CHO
Sleeping for 0.03 seconds to avoid hitting API rate limits.
Processing symbol: CHOTI
Processing CHOTI: Start from 2026-09-11 to 2026-09-14
process in 0.12 second , Updated data for symbol: CHOTI
Sleeping for 0.05 seconds to avoid hitting API rate limits.
Processing symbol: CHOW
Processing CHOW: Start from 2026-09-11 to 2026-09-14
process in 0.13 second , Updated data for symbol: CHOW
Sleeping for 0.04 seconds to avoid hitting API rate limits.
Processing symbol: CI
Processing CI: Start from 2026-09-11 to 2026-09-14
process in 0.18 second , Updated data for symbol: CI
Sleeping for -0.01 seconds to avoid hitting API rate limits.
Processing symbol: CIG
Processing CIG: Start from 2026-09-11 to 2026-09-14
process in 0.13 second , Updated data for symbol: CIG
Sleeping for 0.04 seconds to avoid hitting API rate limits.
Processing symbol: CIMBT
Processing CIMBT: Start from 2026-09-11 to 2026-09-14
Error processing symbol CIMBT: Symbol not found [CIMBT]
Sleeping for 0.04 seconds to avoid hitting API rate limits.
Processing symbol: CITY
Processing CITY: Start from 2026-09-11 to 2026-09-14
process in 0.15 second , Updated data for symbol: CITY
Sleeping for 0.02 seconds to avoid hitting API rate limits.
Processing symbol: CIVIL
Processing CIVIL: Start from 2026-09-11 to 2026-09-14
process in 0.14 second , Updated data for symbol: CIVIL
Sleeping for 0.02 seconds to avoid hitting API rate limits.
Processing symbol: CK
Processing CK: Start from 2026-09-11 to 2026-09-14
process in 0.13 second , Updated data for symbol: CK
Sleeping for 0.04 seconds to avoid hitting API rate limits.
Processing symbol: CKP
Processing CKP: Start from 2026-09-11 to 2026-09-14
process in 0.15 second , Updated data for symbol: CKP
Sleeping for 0.02 seconds to avoid hitting API rate limits.
Processing symbol: CM
Processing CM: Start from 2026-09-11 to 2026-09-14
process in 0.14 second , Updated data for symbol: CM
Sleeping for 0.03 seconds to avoid hitting API rate limits.
Processing symbol: CMAN
Processing CMAN: Start from 2026-09-11 to 2026-09-14
process in 0.12 second , Updated data for symbol: CMAN
Sleeping for 0.04 seconds to avoid hitting API rate limits.
Processing symbol: CMC
Processing CMC: Start from 2026-09-11 to 2026-09-14
process in 0.15 second , Updated data for symbol: CMC
Sleeping for 0.02 seconds to avoid hitting API rate limits.
Processing symbol: CMO
Processing CMO: Start from 2026-09-11 to 2026-09-14
process in 0.14 second , Updated data for symbol: CMO
Sleeping for 0.02 seconds to avoid hitting API rate limits.
Processing symbol: CMR
Processing CMR: Start from 2026-09-11 to 2026-09-14
process in 0.12 second , Updated data for symbol: CMR
Sleeping for 0.04 seconds to avoid hitting API rate limits.
Processing symbol: CNT
Processing CNT: Start from 2026-09-11 to 2026-09-14
process in 0.14 second , Updated data for symbol: CNT
Sleeping for 0.03 seconds to avoid hitting API rate limits.
Processing symbol: COCOCO
Processing COCOCO: Start from 2026-09-11 to 2026-09-14
process in 0.12 second , Updated data for symbol: COCOCO
Sleeping for 0.04 seconds to avoid hitting API rate limits.
Processing symbol: COLOUR
Processing COLOUR: Start from 2026-09-11 to 2026-09-14
process in 0.11 second , Updated data for symbol: COLOUR
Sleeping for 0.06 seconds to avoid hitting API rate limits.
Processing symbol: COM7
Processing COM7: Start from 2026-09-11 to 2026-09-14
process in 0.11 second , Updated data for symbol: COM7
Sleeping for 0.05 seconds to avoid hitting API rate limits.
Processing symbol: COMAN
Processing COMAN: Start from 2026-09-11 to 2026-09-14
process in 0.13 second , Updated data for symbol: COMAN
Sleeping for 0.04 seconds to avoid hitting API rate limits.
Processing symbol: CPALL
Processing CPALL: Start from 2026-09-11 to 2026-09-14
process in 0.14 second , Updated data for symbol: CPALL
Sleeping for 0.02 seconds to avoid hitting API rate limits.
Processing symbol: CPANEL
Processing CPANEL: Start from 2026-09-11 to 2026-09-14
process in 0.13 second , Updated data for symbol: CPANEL
Sleeping for 0.04 seconds to avoid hitting API rate limits.
Processing symbol: CPAXT
Processing CPAXT: Start from 2026-09-11 to 2026-09-14
process in 0.11 second , Updated data for symbol: CPAXT
Sleeping for 0.05 seconds to avoid hitting API rate limits.
Processing symbol: CPF
Processing CPF: Start from 2026-09-11 to 2026-09-14
process in 0.11 second , Updated data for symbol: CPF
Sleeping for 0.06 seconds to avoid hitting API rate limits.
Processing symbol: CPH
Processing CPH: Start from 2026-09-11 to 2026-09-14
process in 0.11 second , Updated data for symbol: CPH
Sleeping for 0.05 seconds to avoid hitting API rate limits.
Processing symbol: CPI
Processing CPI: Start from 2026-09-11 to 2026-09-14
process in 0.12 second , Updated data for symbol: CPI
Sleeping for 0.05 seconds to avoid hitting API rate limits.
Processing symbol: CPL
Processing CPL: Start from 2026-09-11 to 2026-09-14
process in 0.11 second , Updated data for symbol: CPL
Sleeping for 0.06 seconds to avoid hitting API rate limits.
Processing symbol: CPN
Processing CPN: Start from 2026-09-11 to 2026-09-14
process in 0.11 second , Updated data for symbol: CPN
Sleeping for 0.06 seconds to avoid hitting API rate limits.
Processing symbol: CPNCG
Processing CPNCG: Start from 2026-09-11 to 2026-09-14
process in 0.12 second , Updated data for symbol: CPNCG
Sleeping for 0.05 seconds to avoid hitting API rate limits.
Processing symbol: CPNREIT
Processing CPNREIT: Start from 2026-09-11 to 2026-09-14
process in 0.16 second , Updated data for symbol: CPNREIT
Sleeping for 0.01 seconds to avoid hitting API rate limits.
Processing symbol: CPR
Processing CPR: Start from 2026-09-11 to 2026-09-14
process in 0.15 second , Updated data for symbol: CPR
Sleeping for 0.02 seconds to avoid hitting API rate limits.
Processing symbol: CPT
Processing CPT: Start from 2026-09-11 to 2026-09-14
process in 0.14 second , Updated data for symbol: CPT
Sleeping for 0.03 seconds to avoid hitting API rate limits.
Processing symbol: CPTREIT
Processing CPTREIT: Start from 2026-09-11 to 2026-09-14
process in 0.16 second , Updated data for symbol: CPTREIT
Sleeping for 0.00 seconds to avoid hitting API rate limits.
Processing symbol: CPW
Processing CPW: Start from 2026-09-11 to 2026-09-14
process in 0.17 second , Updated data for symbol: CPW
Sleeping for -0.01 seconds to avoid hitting API rate limits.
Processing symbol: CRANE
Processing CRANE: Start from 2026-09-11 to 2026-09-14
process in 0.17 second , Updated data for symbol: CRANE
Sleeping for -0.01 seconds to avoid hitting API rate limits.
Processing symbol: CRC
Processing CRC: Start from 2026-09-11 to 2026-09-14
process in 0.15 second , Updated data for symbol: CRC
Sleeping for 0.02 seconds to avoid hitting API rate limits.
Processing symbol: CRD
Processing CRD: Start from 2026-09-11 to 2026-09-14
process in 0.15 second , Updated data for symbol: CRD
Sleeping for 0.01 seconds to avoid hitting API rate limits.
Processing symbol: CREDIT
Processing CREDIT: Start from 2026-09-11 to 2026-09-14
process in 0.15 second , Updated data for symbol: CREDIT
Sleeping for 0.02 seconds to avoid hitting API rate limits.
Processing symbol: CSC
Processing CSC: Start from 2026-09-11 to 2026-09-14
process in 0.13 second , Updated data for symbol: CSC
Sleeping for 0.04 seconds to avoid hitting API rate limits.
Processing symbol: CSP
Processing CSP: Start from 2026-09-11 to 2026-09-14
process in 0.16 second , Updated data for symbol: CSP
Sleeping for 0.01 seconds to avoid hitting API rate limits.
Processing symbol: CSR
Processing CSR: Start from 2026-09-09 to 2026-09-14
process in 0.15 second , Updated data for symbol: CSR
Sleeping for 0.02 seconds to avoid hitting API rate limits.
Processing symbol: CSS
Processing CSS: Start from 2026-09-11 to 2026-09-14
process in 0.11 second , Updated data for symbol: CSS
Sleeping for 0.05 seconds to avoid hitting API rate limits.
Processing symbol: CTARAF
Processing CTARAF: Start from 2026-09-11 to 2026-09-14
process in 0.11 second , Updated data for symbol: CTARAF
Sleeping for 0.06 seconds to avoid hitting API rate limits.
Processing symbol: CTW
Processing CTW: Start from 2026-09-11 to 2026-09-14
process in 0.12 second , Updated data for symbol: CTW
Sleeping for 0.05 seconds to avoid hitting API rate limits.
Processing symbol: CV
Processing CV: Start from 2025-07-03 to 2026-09-14
process in 0.11 second , Updated data for symbol: CV
Sleeping for 0.06 seconds to avoid hitting API rate limits.
Processing symbol: CWT
Processing CWT: Start from 2026-09-11 to 2026-09-14
process in 0.13 second , Updated data for symbol: CWT
Sleeping for 0.03 seconds to avoid hitting API rate limits.
Processing symbol: D
Processing D: Start from 2026-09-11 to 2026-09-14
process in 0.14 second , Updated data for symbol: D
Sleeping for 0.03 seconds to avoid hitting API rate limits.
Processing symbol: DCC
Processing DCC: Start from 2026-09-11 to 2026-09-14
process in 0.13 second , Updated data for symbol: DCC
Sleeping for 0.03 seconds to avoid hitting API rate limits.
Processing symbol: DCON
Processing DCON: Start from 2026-09-11 to 2026-09-14
process in 0.11 second , Updated data for symbol: DCON
Sleeping for 0.05 seconds to avoid hitting API rate limits.
Processing symbol: DDD
Processing DDD: Start from 2026-09-11 to 2026-09-14
process in 0.16 second , Updated data for symbol: DDD
Sleeping for 0.00 seconds to avoid hitting API rate limits.
Processing symbol: DELTA
Processing DELTA: Start from 2026-09-11 to 2026-09-14
process in 0.12 second , Updated data for symbol: DELTA
Sleeping for 0.05 seconds to avoid hitting API rate limits.
Processing symbol: DEMCO
Processing DEMCO: Start from 2026-09-11 to 2026-09-14
process in 0.11 second , Updated data for symbol: DEMCO
Sleeping for 0.06 seconds to avoid hitting API rate limits.
Processing symbol: DEXON
Processing DEXON: Start from 2026-09-11 to 2026-09-14
process in 0.12 second , Updated data for symbol: DEXON
Sleeping for 0.05 seconds to avoid hitting API rate limits.
Processing symbol: DHOUSE
Processing DHOUSE: Start from 2026-09-11 to 2026-09-14
process in 0.11 second , Updated data for symbol: DHOUSE
Sleeping for 0.05 seconds to avoid hitting API rate limits.
Processing symbol: DIF
Processing DIF: Start from 2026-09-11 to 2026-09-14
process in 0.13 second , Updated data for symbol: DIF
Sleeping for 0.04 seconds to avoid hitting API rate limits.
Processing symbol: DIMET
Processing DIMET: Start from 2026-09-11 to 2026-09-14
process in 0.16 second , Updated data for symbol: DIMET
Sleeping for 0.01 seconds to avoid hitting API rate limits.
Processing symbol: DITTO
Processing DITTO: Start from 2026-09-11 to 2026-09-14
process in 0.14 second , Updated data for symbol: DITTO
Sleeping for 0.02 seconds to avoid hitting API rate limits.
Processing symbol: DMT
Processing DMT: Start from 2026-09-11 to 2026-09-14
process in 0.12 second , Updated data for symbol: DMT
Sleeping for 0.04 seconds to avoid hitting API rate limits.
Processing symbol: DOD
Processing DOD: Start from 2026-09-11 to 2026-09-14
process in 0.13 second , Updated data for symbol: DOD
Sleeping for 0.04 seconds to avoid hitting API rate limits.
Processing symbol: DOHOME
Processing DOHOME: Start from 2026-09-11 to 2026-09-14
process in 0.12 second , Updated data for symbol: DOHOME
Sleeping for 0.05 seconds to avoid hitting API rate limits.
Processing symbol: DPAINT
Processing DPAINT: Start from 2026-09-11 to 2026-09-14
process in 0.13 second , Updated data for symbol: DPAINT
Sleeping for 0.04 seconds to avoid hitting API rate limits.
Processing symbol: DREIT
Processing DREIT: Start from 2026-09-11 to 2026-09-14
process in 0.17 second , Updated data for symbol: DREIT
Sleeping for -0.01 seconds to avoid hitting API rate limits.
Processing symbol: DRT
Processing DRT: Start from 2026-09-11 to 2026-09-14
process in 0.11 second , Updated data for symbol: DRT
Sleeping for 0.05 seconds to avoid hitting API rate limits.
Processing symbol: DTCENT
Processing DTCENT: Start from 2026-09-11 to 2026-09-14
process in 0.12 second , Updated data for symbol: DTCENT
Sleeping for 0.04 seconds to avoid hitting API rate limits.
Processing symbol: DTCI
Processing DTCI: Start from 2026-09-03 to 2026-09-14
process in 0.10 second , Updated data for symbol: DTCI
Sleeping for 0.07 seconds to avoid hitting API rate limits.
Processing symbol: DUSIT
Processing DUSIT: Start from 2026-09-11 to 2026-09-14
process in 0.10 second , Updated data for symbol: DUSIT
Sleeping for 0.06 seconds to avoid hitting API rate limits.
Processing symbol: EA
Processing EA: Start from 2026-09-11 to 2026-09-14
process in 0.13 second , Updated data for symbol: EA
Sleeping for 0.04 seconds to avoid hitting API rate limits.
Processing symbol: EASON
Processing EASON: Start from 2026-09-11 to 2026-09-14
process in 0.12 second , Updated data for symbol: EASON
Sleeping for 0.04 seconds to avoid hitting API rate limits.
Processing symbol: EAST
Processing EAST: Start from 2026-09-11 to 2026-09-14
process in 0.11 second , Updated data for symbol: EAST
Sleeping for 0.05 seconds to avoid hitting API rate limits.
Processing symbol: EASTW
Processing EASTW: Start from 2026-09-11 to 2026-09-14
process in 0.14 second , Updated data for symbol: EASTW
Sleeping for 0.02 seconds to avoid hitting API rate limits.
Processing symbol: ECF
Processing ECF: Start from 2026-07-03 to 2026-09-14
process in 0.10 second , Updated data for symbol: ECF
Sleeping for 0.07 seconds to avoid hitting API rate limits.
Processing symbol: EFORL
Processing EFORL: Start from 2026-09-11 to 2026-09-14
process in 0.14 second , Updated data for symbol: EFORL
Sleeping for 0.02 seconds to avoid hitting API rate limits.
Processing symbol: EGATIF
Processing EGATIF: Start from 2026-09-11 to 2026-09-14
process in 0.15 second , Updated data for symbol: EGATIF
Sleeping for 0.02 seconds to avoid hitting API rate limits.
Processing symbol: EGCO
Processing EGCO: Start from 2026-09-11 to 2026-09-14
process in 0.14 second , Updated data for symbol: EGCO
Sleeping for 0.03 seconds to avoid hitting API rate limits.
Processing symbol: EKH
Processing EKH: Start from 2026-09-11 to 2026-09-14
process in 0.12 second , Updated data for symbol: EKH
Sleeping for 0.04 seconds to avoid hitting API rate limits.
Processing symbol: EMC
Processing EMC: Start from 2026-09-11 to 2026-09-14
process in 0.12 second , Updated data for symbol: EMC
Sleeping for 0.04 seconds to avoid hitting API rate limits.
Processing symbol: EMPIRE
Processing EMPIRE: Start from 2026-08-14 to 2026-09-14
process in 0.11 second , Updated data for symbol: EMPIRE
Sleeping for 0.06 seconds to avoid hitting API rate limits.
Processing symbol: EP
Processing EP: Start from 2026-09-11 to 2026-09-14
process in 0.11 second , Updated data for symbol: EP
Sleeping for 0.05 seconds to avoid hitting API rate limits.
Processing symbol: EPG
Processing EPG: Start from 2026-09-11 to 2026-09-14
process in 0.12 second , Updated data for symbol: EPG
Sleeping for 0.05 seconds to avoid hitting API rate limits.
Processing symbol: ERW
Processing ERW: Start from 2026-09-11 to 2026-09-14
process in 0.19 second , Updated data for symbol: ERW
Sleeping for -0.02 seconds to avoid hitting API rate limits.
Processing symbol: ESTAR
Processing ESTAR: Start from 2026-09-11 to 2026-09-14
process in 0.11 second , Updated data for symbol: ESTAR
Sleeping for 0.05 seconds to avoid hitting API rate limits.
Processing symbol: ETC
Processing ETC: Start from 2026-09-11 to 2026-09-14
process in 0.12 second , Updated data for symbol: ETC
Sleeping for 0.05 seconds to avoid hitting API rate limits.
Processing symbol: ETE
Processing ETE: Start from 2026-09-11 to 2026-09-14
process in 0.11 second , Updated data for symbol: ETE
Sleeping for 0.05 seconds to avoid hitting API rate limits.
Processing symbol: ETL
Processing ETL: Start from 2026-09-11 to 2026-09-14
process in 0.12 second , Updated data for symbol: ETL
Sleeping for 0.05 seconds to avoid hitting API rate limits.
Processing symbol: EURO
Processing EURO: Start from 2026-09-11 to 2026-09-14
process in 0.12 second , Updated data for symbol: EURO
Sleeping for 0.05 seconds to avoid hitting API rate limits.
Processing symbol: EVER
Processing EVER: Start from 2026-09-11 to 2026-09-14
process in 0.13 second , Updated data for symbol: EVER
Sleeping for 0.04 seconds to avoid hitting API rate limits.
Processing symbol: F&D
Processing F&D: Start from 2026-09-10 to 2026-09-14
process in 0.11 second , Updated data for symbol: F&D
Sleeping for 0.05 seconds to avoid hitting API rate limits.
Processing symbol: FANCY
Processing FANCY: Start from 2026-09-11 to 2026-09-14
process in 0.11 second , Updated data for symbol: FANCY
Sleeping for 0.06 seconds to avoid hitting API rate limits.
Processing symbol: FE
Processing FE: Start from 2026-09-11 to 2026-09-14
process in 0.11 second , Updated data for symbol: FE
Sleeping for 0.06 seconds to avoid hitting API rate limits.
Processing symbol: FLOYD
Processing FLOYD: Start from 2026-09-11 to 2026-09-14
process in 0.12 second , Updated data for symbol: FLOYD
Sleeping for 0.05 seconds to avoid hitting API rate limits.
Processing symbol: FM
Processing FM: Start from 2026-09-11 to 2026-09-14
process in 0.11 second , Updated data for symbol: FM
Sleeping for 0.06 seconds to avoid hitting API rate limits.
Processing symbol: FMT
Processing FMT: Start from 2026-09-11 to 2026-09-14
process in 0.13 second , Updated data for symbol: FMT
Sleeping for 0.04 seconds to avoid hitting API rate limits.
Processing symbol: FN
Processing FN: Start from 2026-09-11 to 2026-09-14
process in 0.12 second , Updated data for symbol: FN
Sleeping for 0.05 seconds to avoid hitting API rate limits.
Processing symbol: FNS
Processing FNS: Start from 2026-09-11 to 2026-09-14
process in 0.12 second , Updated data for symbol: FNS
Sleeping for 0.05 seconds to avoid hitting API rate limits.
Processing symbol: FORTH
Processing FORTH: Start from 2026-09-11 to 2026-09-14
process in 0.17 second , Updated data for symbol: FORTH
Sleeping for -0.01 seconds to avoid hitting API rate limits.
Processing symbol: FPI
Processing FPI: Start from 2026-09-11 to 2026-09-14
process in 0.16 second , Updated data for symbol: FPI
Sleeping for 0.01 seconds to avoid hitting API rate limits.
Processing symbol: FPT
Processing FPT: Start from 2026-09-11 to 2026-09-14
process in 0.13 second , Updated data for symbol: FPT
Sleeping for 0.04 seconds to avoid hitting API rate limits.
Processing symbol: FSMART
Processing FSMART: Start from 2026-09-11 to 2026-09-14
process in 0.12 second , Updated data for symbol: FSMART
Sleeping for 0.04 seconds to avoid hitting API rate limits.
Processing symbol: FSX
Processing FSX: Start from 2026-09-11 to 2026-09-14
process in 0.11 second , Updated data for symbol: FSX
Sleeping for 0.06 seconds to avoid hitting API rate limits.
Processing symbol: FTE
Processing FTE: Start from 2026-09-11 to 2026-09-14
process in 0.12 second , Updated data for symbol: FTE
Sleeping for 0.04 seconds to avoid hitting API rate limits.
Processing symbol: FTI
Processing FTI: Start from 2026-09-11 to 2026-09-14
process in 0.11 second , Updated data for symbol: FTI
Sleeping for 0.05 seconds to avoid hitting API rate limits.
Processing symbol: FTREIT
Processing FTREIT: Start from 2026-09-11 to 2026-09-14
process in 0.12 second , Updated data for symbol: FTREIT
Sleeping for 0.04 seconds to avoid hitting API rate limits.
Processing symbol: FUTURERT
Processing FUTURERT: Start from 2026-09-11 to 2026-09-14
process in 0.12 second , Updated data for symbol: FUTURERT
Sleeping for 0.04 seconds to avoid hitting API rate limits.
Processing symbol: FVC
Processing FVC: Start from 2026-09-11 to 2026-09-14
process in 0.12 second , Updated data for symbol: FVC
Sleeping for 0.04 seconds to avoid hitting API rate limits.
Processing symbol: GABLE
Processing GABLE: Start from 2026-09-11 to 2026-09-14
process in 0.13 second , Updated data for symbol: GABLE
Sleeping for 0.04 seconds to avoid hitting API rate limits.
Processing symbol: GAHREIT
Processing GAHREIT: Start from 2026-09-11 to 2026-09-14
process in 0.13 second , Updated data for symbol: GAHREIT
Sleeping for 0.04 seconds to avoid hitting API rate limits.
Processing symbol: GBX
Processing GBX: Start from 2026-09-11 to 2026-09-14
process in 0.12 second , Updated data for symbol: GBX
Sleeping for 0.04 seconds to avoid hitting API rate limits.
Processing symbol: GC
Processing GC: Start from 2026-09-11 to 2026-09-14
process in 0.12 second , Updated data for symbol: GC
Sleeping for 0.05 seconds to avoid hitting API rate limits.
Processing symbol: GCAP
Processing GCAP: Start from 2026-09-11 to 2026-09-14
process in 0.12 second , Updated data for symbol: GCAP
Sleeping for 0.04 seconds to avoid hitting API rate limits.
Processing symbol: GEL
Processing GEL: Start from 2026-09-11 to 2026-09-14
process in 0.15 second , Updated data for symbol: GEL
Sleeping for 0.02 seconds to avoid hitting API rate limits.
Processing symbol: GENCO
Processing GENCO: Start from 2026-09-11 to 2026-09-14
process in 0.12 second , Updated data for symbol: GENCO
Sleeping for 0.05 seconds to avoid hitting API rate limits.
Processing symbol: GFC
Processing GFC: Start from 2026-09-11 to 2026-09-14
process in 0.13 second , Updated data for symbol: GFC
Sleeping for 0.04 seconds to avoid hitting API rate limits.
Processing symbol: GFPT
Processing GFPT: Start from 2026-09-11 to 2026-09-14
process in 0.13 second , Updated data for symbol: GFPT
Sleeping for 0.04 seconds to avoid hitting API rate limits.
Processing symbol: GGC
Processing GGC: Start from 2026-09-11 to 2026-09-14
process in 0.13 second , Updated data for symbol: GGC
Sleeping for 0.04 seconds to avoid hitting API rate limits.
Processing symbol: GJS
Processing GJS: Start from 2026-09-11 to 2026-09-14
process in 0.14 second , Updated data for symbol: GJS
Sleeping for 0.03 seconds to avoid hitting API rate limits.
Processing symbol: GLAND
Processing GLAND: Start from 2026-09-11 to 2026-09-14
Error processing symbol GLAND: Symbol not found [GLAND]
Sleeping for 0.03 seconds to avoid hitting API rate limits.
Processing symbol: GLD
Processing GLD: Start from 2026-09-11 to 2026-09-14
process in 0.12 second , Updated data for symbol: GLD
Sleeping for 0.04 seconds to avoid hitting API rate limits.
Processing symbol: GLOBAL
Processing GLOBAL: Start from 2026-09-11 to 2026-09-14
process in 0.11 second , Updated data for symbol: GLOBAL
Sleeping for 0.05 seconds to avoid hitting API rate limits.
Processing symbol: GLORY
Processing GLORY: Start from 2026-09-11 to 2026-09-14
process in 0.12 second , Updated data for symbol: GLORY
Sleeping for 0.05 seconds to avoid hitting API rate limits.
Processing symbol: GPI
Processing GPI: Start from 2026-09-11 to 2026-09-14
process in 0.12 second , Updated data for symbol: GPI
Sleeping for 0.05 seconds to avoid hitting API rate limits.
Processing symbol: GPSC
Processing GPSC: Start from 2026-09-11 to 2026-09-14
process in 0.12 second , Updated data for symbol: GPSC
Sleeping for 0.05 seconds to avoid hitting API rate limits.
Processing symbol: GRAMMY
Processing GRAMMY: Start from 2026-09-11 to 2026-09-14
process in 0.11 second , Updated data for symbol: GRAMMY
Sleeping for 0.05 seconds to avoid hitting API rate limits.
Processing symbol: GRAND
Processing GRAND: Start from 2026-08-14 to 2026-09-14
process in 0.10 second , Updated data for symbol: GRAND
Sleeping for 0.06 seconds to avoid hitting API rate limits.
Processing symbol: GREEN
Processing GREEN: Start from 2026-09-11 to 2026-09-14
process in 0.15 second , Updated data for symbol: GREEN
Sleeping for 0.02 seconds to avoid hitting API rate limits.
Processing symbol: GROREIT
Processing GROREIT: Start from 2026-09-11 to 2026-09-14
process in 0.14 second , Updated data for symbol: GROREIT
Sleeping for 0.02 seconds to avoid hitting API rate limits.
Processing symbol: GSTEEL
Processing GSTEEL: Start from 2019-07-31 to 2026-09-14
process in 0.17 second , Updated data for symbol: GSTEEL
Sleeping for 0.00 seconds to avoid hitting API rate limits.
Processing symbol: GTB
Processing GTB: Start from 2026-09-11 to 2026-09-14
process in 0.14 second , Updated data for symbol: GTB
Sleeping for 0.02 seconds to avoid hitting API rate limits.
Processing symbol: GTV
Processing GTV: Start from 2026-09-11 to 2026-09-14
process in 0.12 second , Updated data for symbol: GTV
Sleeping for 0.05 seconds to avoid hitting API rate limits.
Processing symbol: GULF
Processing GULF: Start from 2026-09-11 to 2026-09-14
process in 0.12 second , Updated data for symbol: GULF
Sleeping for 0.04 seconds to avoid hitting API rate limits.
Processing symbol: GUNKUL
Processing GUNKUL: Start from 2026-09-11 to 2026-09-14
process in 0.12 second , Updated data for symbol: GUNKUL
Sleeping for 0.04 seconds to avoid hitting API rate limits.
Processing symbol: GVREIT
Processing GVREIT: Start from 2026-09-11 to 2026-09-14
process in 0.12 second , Updated data for symbol: GVREIT
Sleeping for 0.04 seconds to avoid hitting API rate limits.
Processing symbol: GYT
Processing GYT: Start from 2026-09-01 to 2026-09-14
process in 0.13 second , Updated data for symbol: GYT
Sleeping for 0.03 seconds to avoid hitting API rate limits.
Processing symbol: HANA
Processing HANA: Start from 2026-09-11 to 2026-09-14
process in 0.15 second , Updated data for symbol: HANA
Sleeping for 0.01 seconds to avoid hitting API rate limits.
Processing symbol: HANN
Processing HANN: Start from 2026-09-11 to 2026-09-14
process in 0.38 second , Updated data for symbol: HANN
Sleeping for -0.21 seconds to avoid hitting API rate limits.
Processing symbol: HARN
Processing HARN: Start from 2026-09-11 to 2026-09-14
process in 0.12 second , Updated data for symbol: HARN
Sleeping for 0.04 seconds to avoid hitting API rate limits.
Processing symbol: HENG
Processing HENG: Start from 2026-09-11 to 2026-09-14
process in 0.13 second , Updated data for symbol: HENG
Sleeping for 0.03 seconds to avoid hitting API rate limits.
Processing symbol: HFT
Processing HFT: Start from 2026-09-11 to 2026-09-14
process in 0.12 second , Updated data for symbol: HFT
Sleeping for 0.05 seconds to avoid hitting API rate limits.
Processing symbol: HL
Processing HL: Start from 2026-09-11 to 2026-09-14
process in 0.15 second , Updated data for symbol: HL
Sleeping for 0.01 seconds to avoid hitting API rate limits.
Processing symbol: HMPRO
Processing HMPRO: Start from 2026-09-11 to 2026-09-14
process in 0.11 second , Updated data for symbol: HMPRO
Sleeping for 0.05 seconds to avoid hitting API rate limits.
Processing symbol: HPF
Processing HPF: Start from 2026-09-11 to 2026-09-14
process in 0.11 second , Updated data for symbol: HPF
Sleeping for 0.06 seconds to avoid hitting API rate limits.
Processing symbol: HPT
Processing HPT: Start from 2026-07-03 to 2026-09-14
process in 0.14 second , Updated data for symbol: HPT
Sleeping for 0.03 seconds to avoid hitting API rate limits.
Processing symbol: HTC
Processing HTC: Start from 2026-09-11 to 2026-09-14
process in 0.11 second , Updated data for symbol: HTC
Sleeping for 0.05 seconds to avoid hitting API rate limits.
Processing symbol: HTECH
Processing HTECH: Start from 2026-09-11 to 2026-09-14
process in 0.11 second , Updated data for symbol: HTECH
Sleeping for 0.06 seconds to avoid hitting API rate limits.
Processing symbol: HUMAN
Processing HUMAN: Start from 2026-09-11 to 2026-09-14
process in 0.15 second , Updated data for symbol: HUMAN
Sleeping for 0.02 seconds to avoid hitting API rate limits.
Processing symbol: HYDRO
Processing HYDRO: Start from 2026-09-11 to 2026-09-14
process in 0.13 second , Updated data for symbol: HYDRO
Sleeping for 0.04 seconds to avoid hitting API rate limits.
Processing symbol: HYDROGEN
Processing HYDROGEN: Start from 2026-09-11 to 2026-09-14
process in 0.11 second , Updated data for symbol: HYDROGEN
Sleeping for 0.05 seconds to avoid hitting API rate limits.
Processing symbol: I2
Processing I2: Start from 2026-09-11 to 2026-09-14
process in 0.12 second , Updated data for symbol: I2
Sleeping for 0.05 seconds to avoid hitting API rate limits.
Processing symbol: ICC
Processing ICC: Start from 2026-09-11 to 2026-09-14
process in 0.10 second , Updated data for symbol: ICC
Sleeping for 0.06 seconds to avoid hitting API rate limits.
Processing symbol: ICHI
Processing ICHI: Start from 2026-09-11 to 2026-09-14
process in 0.11 second , Updated data for symbol: ICHI
Sleeping for 0.06 seconds to avoid hitting API rate limits.
Processing symbol: ICN
Processing ICN: Start from 2026-09-11 to 2026-09-14
process in 0.11 second , Updated data for symbol: ICN
Sleeping for 0.05 seconds to avoid hitting API rate limits.
Processing symbol: IDG
Processing IDG: Start from 2026-09-11 to 2026-09-14
process in 0.18 second , Updated data for symbol: IDG
Sleeping for -0.01 seconds to avoid hitting API rate limits.
Processing symbol: IFS
Processing IFS: Start from 2026-09-11 to 2026-09-14
process in 0.12 second , Updated data for symbol: IFS
Sleeping for 0.05 seconds to avoid hitting API rate limits.
Processing symbol: IHL
Processing IHL: Start from 2026-09-11 to 2026-09-14
process in 0.12 second , Updated data for symbol: IHL
Sleeping for 0.05 seconds to avoid hitting API rate limits.
Processing symbol: IIG
Processing IIG: Start from 2026-09-11 to 2026-09-14
process in 0.13 second , Updated data for symbol: IIG
Sleeping for 0.03 seconds to avoid hitting API rate limits.
Processing symbol: III
Processing III: Start from 2026-09-11 to 2026-09-14
process in 0.12 second , Updated data for symbol: III
Sleeping for 0.05 seconds to avoid hitting API rate limits.
Processing symbol: ILINK
Processing ILINK: Start from 2026-09-11 to 2026-09-14
process in 0.11 second , Updated data for symbol: ILINK
Sleeping for 0.05 seconds to avoid hitting API rate limits.
Processing symbol: ILM
Processing ILM: Start from 2026-09-11 to 2026-09-14
process in 0.15 second , Updated data for symbol: ILM
Sleeping for 0.02 seconds to avoid hitting API rate limits.
Processing symbol: IMH
Processing IMH: Start from 2026-09-11 to 2026-09-14
process in 0.11 second , Updated data for symbol: IMH
Sleeping for 0.06 seconds to avoid hitting API rate limits.
Processing symbol: IMPACT
Processing IMPACT: Start from 2026-09-11 to 2026-09-14
process in 0.11 second , Updated data for symbol: IMPACT
Sleeping for 0.05 seconds to avoid hitting API rate limits.
Processing symbol: IND
Processing IND: Start from 2026-09-11 to 2026-09-14
process in 0.11 second , Updated data for symbol: IND
Sleeping for 0.05 seconds to avoid hitting API rate limits.
Processing symbol: INET
Processing INET: Start from 2026-09-11 to 2026-09-14
process in 0.12 second , Updated data for symbol: INET
Sleeping for 0.05 seconds to avoid hitting API rate limits.
Processing symbol: INETREIT
Processing INETREIT: Start from 2026-09-11 to 2026-09-14
process in 0.12 second , Updated data for symbol: INETREIT
Sleeping for 0.05 seconds to avoid hitting API rate limits.
Processing symbol: INGRS
Processing INGRS: Start from 2026-07-31 to 2026-09-14
process in 0.11 second , Updated data for symbol: INGRS
Sleeping for 0.06 seconds to avoid hitting API rate limits.
Processing symbol: INOX
Processing INOX: Start from 2026-09-11 to 2026-09-14
process in 0.11 second , Updated data for symbol: INOX
Sleeping for 0.06 seconds to avoid hitting API rate limits.
Processing symbol: INSET
Processing INSET: Start from 2026-09-11 to 2026-09-14
process in 0.12 second , Updated data for symbol: INSET
Sleeping for 0.05 seconds to avoid hitting API rate limits.
Processing symbol: INSURE
Processing INSURE: Start from 2026-09-10 to 2026-09-14
process in 0.34 second , Updated data for symbol: INSURE
Sleeping for -0.18 seconds to avoid hitting API rate limits.
Processing symbol: IP
Processing IP: Start from 2026-09-11 to 2026-09-14
process in 0.12 second , Updated data for symbol: IP
Sleeping for 0.04 seconds to avoid hitting API rate limits.
Processing symbol: IRC
Processing IRC: Start from 2026-09-11 to 2026-09-14
process in 0.11 second , Updated data for symbol: IRC
Sleeping for 0.05 seconds to avoid hitting API rate limits.
Processing symbol: IRCP
Processing IRCP: Start from 2026-09-11 to 2026-09-14
process in 0.12 second , Updated data for symbol: IRCP
Sleeping for 0.04 seconds to avoid hitting API rate limits.
Processing symbol: IROYAL
Processing IROYAL: Start from 2026-09-11 to 2026-09-14
process in 0.11 second , Updated data for symbol: IROYAL
Sleeping for 0.06 seconds to avoid hitting API rate limits.
Processing symbol: IRPC
Processing IRPC: Start from 2026-09-11 to 2026-09-14
process in 0.12 second , Updated data for symbol: IRPC
Sleeping for 0.05 seconds to avoid hitting API rate limits.
Processing symbol: ISSARA
Processing ISSARA: Start from 2026-09-11 to 2026-09-14
process in 0.12 second , Updated data for symbol: ISSARA
Sleeping for 0.05 seconds to avoid hitting API rate limits.
Processing symbol: IT
Processing IT: Start from 2026-09-11 to 2026-09-14
process in 0.13 second , Updated data for symbol: IT
Sleeping for 0.04 seconds to avoid hitting API rate limits.
Processing symbol: ITC
Processing ITC: Start from 2026-09-11 to 2026-09-14
process in 0.11 second , Updated data for symbol: ITC
Sleeping for 0.05 seconds to avoid hitting API rate limits.
Processing symbol: ITD
Processing ITD: Start from 2026-09-11 to 2026-09-14
process in 0.11 second , Updated data for symbol: ITD
Sleeping for 0.05 seconds to avoid hitting API rate limits.
Processing symbol: ITEL
Processing ITEL: Start from 2026-09-11 to 2026-09-14
process in 0.14 second , Updated data for symbol: ITEL
Sleeping for 0.03 seconds to avoid hitting API rate limits.
Processing symbol: ITNS
Processing ITNS: Start from 2026-09-11 to 2026-09-14
process in 0.13 second , Updated data for symbol: ITNS
Sleeping for 0.03 seconds to avoid hitting API rate limits.
Processing symbol: ITTHI
Processing ITTHI: Start from 2026-09-11 to 2026-09-14
process in 0.12 second , Updated data for symbol: ITTHI
Sleeping for 0.05 seconds to avoid hitting API rate limits.
Processing symbol: IVF
Processing IVF: Start from 2026-09-11 to 2026-09-14
process in 0.12 second , Updated data for symbol: IVF
Sleeping for 0.05 seconds to avoid hitting API rate limits.
Processing symbol: IVL
Processing IVL: Start from 2026-09-11 to 2026-09-14
process in 0.14 second , Updated data for symbol: IVL
Sleeping for 0.03 seconds to avoid hitting API rate limits.
Processing symbol: J
Processing J: Start from 2026-09-11 to 2026-09-14
process in 0.12 second , Updated data for symbol: J
Sleeping for 0.05 seconds to avoid hitting API rate limits.
Processing symbol: JAK
Processing JAK: Start from 2026-09-11 to 2026-09-14
process in 0.11 second , Updated data for symbol: JAK
Sleeping for 0.05 seconds to avoid hitting API rate limits.
Processing symbol: JAS
Processing JAS: Start from 2026-09-11 to 2026-09-14
process in 0.12 second , Updated data for symbol: JAS
Sleeping for 0.05 seconds to avoid hitting API rate limits.
Processing symbol: JCK
Processing JCK: Start from 2026-09-11 to 2026-09-14
process in 0.12 second , Updated data for symbol: JCK
Sleeping for 0.05 seconds to avoid hitting API rate limits.
Processing symbol: JCT
Processing JCT: Start from 2026-09-10 to 2026-09-14
process in 0.12 second , Updated data for symbol: JCT
Sleeping for 0.05 seconds to avoid hitting API rate limits.
Processing symbol: JDF
Processing JDF: Start from 2026-09-11 to 2026-09-14
process in 0.12 second , Updated data for symbol: JDF
Sleeping for 0.05 seconds to avoid hitting API rate limits.
Processing symbol: JMART
Processing JMART: Start from 2026-09-11 to 2026-09-14
process in 0.19 second , Updated data for symbol: JMART
Sleeping for -0.03 seconds to avoid hitting API rate limits.
Processing symbol: JMT
Processing JMT: Start from 2026-09-11 to 2026-09-14
process in 0.14 second , Updated data for symbol: JMT
Sleeping for 0.03 seconds to avoid hitting API rate limits.
Processing symbol: JPARK
Processing JPARK: Start from 2026-09-11 to 2026-09-14
process in 0.14 second , Updated data for symbol: JPARK
Sleeping for 0.02 seconds to avoid hitting API rate limits.
Processing symbol: JR
Processing JR: Start from 2026-09-11 to 2026-09-14
process in 0.12 second , Updated data for symbol: JR
Sleeping for 0.04 seconds to avoid hitting API rate limits.
Processing symbol: JSP
Processing JSP: Start from 2026-09-11 to 2026-09-14
process in 0.12 second , Updated data for symbol: JSP
Sleeping for 0.05 seconds to avoid hitting API rate limits.
Processing symbol: JTS
Processing JTS: Start from 2026-09-11 to 2026-09-14
process in 0.12 second , Updated data for symbol: JTS
Sleeping for 0.05 seconds to avoid hitting API rate limits.
Processing symbol: JUBILE
Processing JUBILE: Start from 2026-09-11 to 2026-09-14
process in 0.12 second , Updated data for symbol: JUBILE
Sleeping for 0.05 seconds to avoid hitting API rate limits.
Processing symbol: K
Processing K: Start from 2026-09-11 to 2026-09-14
process in 0.11 second , Updated data for symbol: K
Sleeping for 0.06 seconds to avoid hitting API rate limits.
Processing symbol: KAMART
Processing KAMART: Start from 2026-09-11 to 2026-09-14
process in 0.11 second , Updated data for symbol: KAMART
Sleeping for 0.06 seconds to avoid hitting API rate limits.
Processing symbol: KASET
Processing KASET: Start from 2026-09-11 to 2026-09-14
process in 0.11 second , Updated data for symbol: KASET
Sleeping for 0.06 seconds to avoid hitting API rate limits.
Processing symbol: KBANK
Processing KBANK: Start from 2026-09-11 to 2026-09-14
process in 0.14 second , Updated data for symbol: KBANK
Sleeping for 0.03 seconds to avoid hitting API rate limits.
Processing symbol: KBS
Processing KBS: Start from 2026-09-11 to 2026-09-14
process in 0.13 second , Updated data for symbol: KBS
Sleeping for 0.04 seconds to avoid hitting API rate limits.
Processing symbol: KBSPIF
Processing KBSPIF: Start from 2026-09-11 to 2026-09-14
process in 0.14 second , Updated data for symbol: KBSPIF
Sleeping for 0.03 seconds to avoid hitting API rate limits.
Processing symbol: KC
Processing KC: Start from 2026-09-11 to 2026-09-14
process in 0.11 second , Updated data for symbol: KC
Sleeping for 0.05 seconds to avoid hitting API rate limits.
Processing symbol: KCAR
Processing KCAR: Start from 2026-09-11 to 2026-09-14
process in 0.11 second , Updated data for symbol: KCAR
Sleeping for 0.05 seconds to avoid hitting API rate limits.
Processing symbol: KCC
Processing KCC: Start from 2026-09-11 to 2026-09-14
process in 0.11 second , Updated data for symbol: KCC
Sleeping for 0.05 seconds to avoid hitting API rate limits.
Processing symbol: KCE
Processing KCE: Start from 2026-09-11 to 2026-09-14
process in 0.12 second , Updated data for symbol: KCE
Sleeping for 0.04 seconds to avoid hitting API rate limits.
Processing symbol: KCG
Processing KCG: Start from 2026-09-11 to 2026-09-14
process in 0.11 second , Updated data for symbol: KCG
Sleeping for 0.06 seconds to avoid hitting API rate limits.
Processing symbol: KCM
Processing KCM: Start from 2026-09-11 to 2026-09-14
process in 0.15 second , Updated data for symbol: KCM
Sleeping for 0.02 seconds to avoid hitting API rate limits.
Processing symbol: KDH
Processing KDH: Start from 2026-09-10 to 2026-09-14
process in 0.13 second , Updated data for symbol: KDH
Sleeping for 0.04 seconds to avoid hitting API rate limits.
Processing symbol: KGEN
Processing KGEN: Start from 2026-09-11 to 2026-09-14
process in 0.11 second , Updated data for symbol: KGEN
Sleeping for 0.06 seconds to avoid hitting API rate limits.
Processing symbol: KGI
Processing KGI: Start from 2026-09-11 to 2026-09-14
process in 0.11 second , Updated data for symbol: KGI
Sleeping for 0.05 seconds to avoid hitting API rate limits.
Processing symbol: KIAT
Processing KIAT: Start from 2026-09-11 to 2026-09-14
process in 0.15 second , Updated data for symbol: KIAT
Sleeping for 0.02 seconds to avoid hitting API rate limits.
Processing symbol: KISS
Processing KISS: Start from 2026-09-11 to 2026-09-14
process in 0.14 second , Updated data for symbol: KISS
Sleeping for 0.03 seconds to avoid hitting API rate limits.
Processing symbol: KJL
Processing KJL: Start from 2026-09-11 to 2026-09-14
process in 0.11 second , Updated data for symbol: KJL
Sleeping for 0.06 seconds to avoid hitting API rate limits.
Processing symbol: KK
Processing KK: Start from 2026-09-11 to 2026-09-14
process in 0.12 second , Updated data for symbol: KK
Sleeping for 0.05 seconds to avoid hitting API rate limits.
Processing symbol: KKC
Processing KKC: Start from 2024-07-26 to 2026-09-14
process in 0.12 second , Updated data for symbol: KKC
Sleeping for 0.04 seconds to avoid hitting API rate limits.
Processing symbol: KKP
Processing KKP: Start from 2026-09-11 to 2026-09-14
process in 0.12 second , Updated data for symbol: KKP
Sleeping for 0.04 seconds to avoid hitting API rate limits.
Processing symbol: KLINIQ
Processing KLINIQ: Start from 2026-09-11 to 2026-09-14
process in 0.13 second , Updated data for symbol: KLINIQ
Sleeping for 0.04 seconds to avoid hitting API rate limits.
Processing symbol: KOOL
Processing KOOL: Start from 2026-09-11 to 2026-09-14
process in 0.12 second , Updated data for symbol: KOOL
Sleeping for 0.05 seconds to avoid hitting API rate limits.
Processing symbol: KPNREIT
Processing KPNREIT: Start from 2026-09-11 to 2026-09-14
process in 0.12 second , Updated data for symbol: KPNREIT
Sleeping for 0.05 seconds to avoid hitting API rate limits.
Processing symbol: KSL
Processing KSL: Start from 2026-09-11 to 2026-09-14
process in 0.12 second , Updated data for symbol: KSL
Sleeping for 0.05 seconds to avoid hitting API rate limits.
Processing symbol: KTB
Processing KTB: Start from 2026-09-11 to 2026-09-14
process in 0.11 second , Updated data for symbol: KTB
Sleeping for 0.06 seconds to avoid hitting API rate limits.
Processing symbol: KTBSTMR
Processing KTBSTMR: Start from 2026-09-11 to 2026-09-14
process in 0.11 second , Updated data for symbol: KTBSTMR
Sleeping for 0.05 seconds to avoid hitting API rate limits.
Processing symbol: KTC
Processing KTC: Start from 2026-09-11 to 2026-09-14
process in 0.13 second , Updated data for symbol: KTC
Sleeping for 0.04 seconds to avoid hitting API rate limits.
Processing symbol: KTIS
Processing KTIS: Start from 2026-09-11 to 2026-09-14
process in 0.11 second , Updated data for symbol: KTIS
Sleeping for 0.05 seconds to avoid hitting API rate limits.
Processing symbol: KTMS
Processing KTMS: Start from 2026-09-11 to 2026-09-14
process in 0.12 second , Updated data for symbol: KTMS
Sleeping for 0.05 seconds to avoid hitting API rate limits.
Processing symbol: KUMWEL
Processing KUMWEL: Start from 2026-09-11 to 2026-09-14
process in 0.13 second , Updated data for symbol: KUMWEL
Sleeping for 0.04 seconds to avoid hitting API rate limits.
Processing symbol: KUN
Processing KUN: Start from 2026-09-11 to 2026-09-14
process in 0.16 second , Updated data for symbol: KUN
Sleeping for 0.00 seconds to avoid hitting API rate limits.
Processing symbol: KWC
Processing KWC: Start from 2026-09-11 to 2026-09-14
process in 0.10 second , Updated data for symbol: KWC
Sleeping for 0.06 seconds to avoid hitting API rate limits.
Processing symbol: KWI
Processing KWI: Start from 2025-07-03 to 2026-09-14
process in 0.13 second , Updated data for symbol: KWI
Sleeping for 0.03 seconds to avoid hitting API rate limits.
Processing symbol: KWM
Processing KWM: Start from 2026-09-11 to 2026-09-14
process in 0.12 second , Updated data for symbol: KWM
Sleeping for 0.04 seconds to avoid hitting API rate limits.
Processing symbol: KYE
Processing KYE: Start from 2026-09-11 to 2026-09-14
process in 0.12 second , Updated data for symbol: KYE
Sleeping for 0.05 seconds to avoid hitting API rate limits.
Processing symbol: L&E
Processing L&E: Start from 2026-09-11 to 2026-09-14
process in 0.12 second , Updated data for symbol: L&E
Sleeping for 0.05 seconds to avoid hitting API rate limits.
Processing symbol: LALIN
Processing LALIN: Start from 2026-09-11 to 2026-09-14
process in 0.11 second , Updated data for symbol: LALIN
Sleeping for 0.05 seconds to avoid hitting API rate limits.
Processing symbol: LANNA
Processing LANNA: Start from 2026-09-11 to 2026-09-14
process in 0.11 second , Updated data for symbol: LANNA
Sleeping for 0.06 seconds to avoid hitting API rate limits.
Processing symbol: LDC
Processing LDC: Start from 2026-09-11 to 2026-09-14
process in 0.12 second , Updated data for symbol: LDC
Sleeping for 0.04 seconds to avoid hitting API rate limits.
Processing symbol: LEE
Processing LEE: Start from 2026-09-11 to 2026-09-14
process in 0.12 second , Updated data for symbol: LEE
Sleeping for 0.05 seconds to avoid hitting API rate limits.
Processing symbol: LEO
Processing LEO: Start from 2026-09-11 to 2026-09-14
process in 0.12 second , Updated data for symbol: LEO
Sleeping for 0.05 seconds to avoid hitting API rate limits.
Processing symbol: LH
Processing LH: Start from 2026-09-11 to 2026-09-14
process in 0.12 second , Updated data for symbol: LH
Sleeping for 0.05 seconds to avoid hitting API rate limits.
Processing symbol: LHFG
Processing LHFG: Start from 2026-09-11 to 2026-09-14
process in 0.12 second , Updated data for symbol: LHFG
Sleeping for 0.04 seconds to avoid hitting API rate limits.
Processing symbol: LHHOTEL
Processing LHHOTEL: Start from 2026-09-11 to 2026-09-14
process in 0.11 second , Updated data for symbol: LHHOTEL
Sleeping for 0.05 seconds to avoid hitting API rate limits.
Processing symbol: LHK
Processing LHK: Start from 2026-09-11 to 2026-09-14
process in 0.11 second , Updated data for symbol: LHK
Sleeping for 0.05 seconds to avoid hitting API rate limits.
Processing symbol: LHRREIT
Processing LHRREIT: Start from 2026-09-11 to 2026-09-14
process in 0.12 second , Updated data for symbol: LHRREIT
Sleeping for 0.05 seconds to avoid hitting API rate limits.
Processing symbol: LHSC
Processing LHSC: Start from 2026-09-11 to 2026-09-14
process in 0.11 second , Updated data for symbol: LHSC
Sleeping for 0.05 seconds to avoid hitting API rate limits.
Processing symbol: LIT
Processing LIT: Start from 2026-09-11 to 2026-09-14
process in 0.13 second , Updated data for symbol: LIT
Sleeping for 0.04 seconds to avoid hitting API rate limits.
Processing symbol: LOXLEY
Processing LOXLEY: Start from 2026-09-11 to 2026-09-14
process in 0.14 second , Updated data for symbol: LOXLEY
Sleeping for 0.02 seconds to avoid hitting API rate limits.
Processing symbol: LPH
Processing LPH: Start from 2026-09-11 to 2026-09-14
process in 0.12 second , Updated data for symbol: LPH
Sleeping for 0.04 seconds to avoid hitting API rate limits.
Processing symbol: LPN
Processing LPN: Start from 2026-09-11 to 2026-09-14
process in 0.12 second , Updated data for symbol: LPN
Sleeping for 0.05 seconds to avoid hitting API rate limits.
Processing symbol: LRH
Processing LRH: Start from 2026-09-11 to 2026-09-14
Error processing symbol LRH: Symbol not found [LRH]
Sleeping for 0.05 seconds to avoid hitting API rate limits.
Processing symbol: LST
Processing LST: Start from 2026-09-11 to 2026-09-14
process in 0.13 second , Updated data for symbol: LST
Sleeping for 0.04 seconds to avoid hitting API rate limits.
Processing symbol: LTMH
Processing LTMH: Start from 2026-09-11 to 2026-09-14
process in 0.12 second , Updated data for symbol: LTMH
Sleeping for 0.05 seconds to avoid hitting API rate limits.
Processing symbol: LTS
Processing LTS: Start from 2026-09-11 to 2026-09-14
process in 0.14 second , Updated data for symbol: LTS
Sleeping for 0.03 seconds to avoid hitting API rate limits.
Processing symbol: LUXF
Processing LUXF: Start from 2026-09-11 to 2026-09-14
process in 0.11 second , Updated data for symbol: LUXF
Sleeping for 0.05 seconds to avoid hitting API rate limits.
Processing symbol: M
Processing M: Start from 2026-09-11 to 2026-09-14
process in 0.11 second , Updated data for symbol: M
Sleeping for 0.06 seconds to avoid hitting API rate limits.
Processing symbol: M-CHAI
Processing M-CHAI: Start from 2026-09-11 to 2026-09-14
process in 0.12 second , Updated data for symbol: M-CHAI
Sleeping for 0.05 seconds to avoid hitting API rate limits.
Processing symbol: M-PAT
Processing M-PAT: Start from 2026-08-31 to 2026-09-14
process in 0.12 second , Updated data for symbol: M-PAT
Sleeping for 0.05 seconds to avoid hitting API rate limits.
Processing symbol: M-STOR
Processing M-STOR: Start from 2026-09-11 to 2026-09-14
process in 0.11 second , Updated data for symbol: M-STOR
Sleeping for 0.06 seconds to avoid hitting API rate limits.
Processing symbol: MADAME
Processing MADAME: Start from 2026-09-11 to 2026-09-14
process in 0.12 second , Updated data for symbol: MADAME
Sleeping for 0.04 seconds to avoid hitting API rate limits.
Processing symbol: MAGURO
Processing MAGURO: Start from 2026-09-11 to 2026-09-14
process in 0.12 second , Updated data for symbol: MAGURO
Sleeping for 0.05 seconds to avoid hitting API rate limits.
Processing symbol: MAJOR
Processing MAJOR: Start from 2026-09-11 to 2026-09-14
process in 0.12 second , Updated data for symbol: MAJOR
Sleeping for 0.05 seconds to avoid hitting API rate limits.
Processing symbol: MALEE
Processing MALEE: Start from 2026-09-11 to 2026-09-14
process in 0.12 second , Updated data for symbol: MALEE
Sleeping for 0.05 seconds to avoid hitting API rate limits.
Processing symbol: MANRIN
Processing MANRIN: Start from 2026-09-07 to 2026-09-14
process in 0.11 second , Updated data for symbol: MANRIN
Sleeping for 0.06 seconds to avoid hitting API rate limits.
Processing symbol: MASTEC
Processing MASTEC: Start from 2026-09-11 to 2026-09-14
process in 0.11 second , Updated data for symbol: MASTEC
Sleeping for 0.06 seconds to avoid hitting API rate limits.
Processing symbol: MASTER
Processing MASTER: Start from 2026-09-11 to 2026-09-14
process in 0.14 second , Updated data for symbol: MASTER
Sleeping for 0.02 seconds to avoid hitting API rate limits.
Processing symbol: MATCH
Processing MATCH: Start from 2026-09-11 to 2026-09-14
process in 0.13 second , Updated data for symbol: MATCH
Sleeping for 0.04 seconds to avoid hitting API rate limits.
Processing symbol: MATI
Processing MATI: Start from 2026-09-10 to 2026-09-14
process in 0.11 second , Updated data for symbol: MATI
Sleeping for 0.06 seconds to avoid hitting API rate limits.
Processing symbol: MBAX
Processing MBAX: Start from 2026-09-11 to 2026-09-14
process in 0.11 second , Updated data for symbol: MBAX
Sleeping for 0.06 seconds to avoid hitting API rate limits.
Processing symbol: MBK
Processing MBK: Start from 2026-09-11 to 2026-09-14
process in 0.11 second , Updated data for symbol: MBK
Sleeping for 0.06 seconds to avoid hitting API rate limits.
Processing symbol: MC
Processing MC: Start from 2026-09-11 to 2026-09-14
process in 0.11 second , Updated data for symbol: MC
Sleeping for 0.05 seconds to avoid hitting API rate limits.
Processing symbol: MCA
Processing MCA: Start from 2026-09-11 to 2026-09-14
process in 0.11 second , Updated data for symbol: MCA
Sleeping for 0.05 seconds to avoid hitting API rate limits.
Processing symbol: MCOT
Processing MCOT: Start from 2026-09-11 to 2026-09-14
process in 0.11 second , Updated data for symbol: MCOT
Sleeping for 0.05 seconds to avoid hitting API rate limits.
Processing symbol: MCS
Processing MCS: Start from 2026-09-11 to 2026-09-14
process in 0.14 second , Updated data for symbol: MCS
Sleeping for 0.03 seconds to avoid hitting API rate limits.
Processing symbol: MDX
Processing MDX: Start from 2026-09-11 to 2026-09-14
process in 0.13 second , Updated data for symbol: MDX
Sleeping for 0.04 seconds to avoid hitting API rate limits.
Processing symbol: MEB
Processing MEB: Start from 2026-09-11 to 2026-09-14
process in 0.28 second , Updated data for symbol: MEB
Sleeping for -0.11 seconds to avoid hitting API rate limits.
Processing symbol: MEDEZE
Processing MEDEZE: Start from 2026-09-11 to 2026-09-14
process in 0.26 second , Updated data for symbol: MEDEZE
Sleeping for -0.09 seconds to avoid hitting API rate limits.
Processing symbol: MEGA
Processing MEGA: Start from 2026-09-11 to 2026-09-14
process in 0.26 second , Updated data for symbol: MEGA
Sleeping for -0.10 seconds to avoid hitting API rate limits.
Processing symbol: MENA
Processing MENA: Start from 2026-09-11 to 2026-09-14
process in 0.25 second , Updated data for symbol: MENA
Sleeping for -0.08 seconds to avoid hitting API rate limits.
Processing symbol: META
Processing META: Start from 2026-07-03 to 2026-09-14
process in 0.24 second , Updated data for symbol: META
Sleeping for -0.07 seconds to avoid hitting API rate limits.
Processing symbol: METCO
Processing METCO: Start from 2026-09-11 to 2026-09-14
process in 0.24 second , Updated data for symbol: METCO
Sleeping for -0.08 seconds to avoid hitting API rate limits.
Processing symbol: MFC
Processing MFC: Start from 2026-09-11 to 2026-09-14
process in 0.27 second , Updated data for symbol: MFC
Sleeping for -0.11 seconds to avoid hitting API rate limits.
Processing symbol: MFEC
Processing MFEC: Start from 2026-09-11 to 2026-09-14
process in 0.25 second , Updated data for symbol: MFEC
Sleeping for -0.08 seconds to avoid hitting API rate limits.
Processing symbol: MGC
Processing MGC: Start from 2026-09-11 to 2026-09-14
process in 0.12 second , Updated data for symbol: MGC
Sleeping for 0.05 seconds to avoid hitting API rate limits.
Processing symbol: MGI
Processing MGI: Start from 2026-09-11 to 2026-09-14
process in 0.13 second , Updated data for symbol: MGI
Sleeping for 0.04 seconds to avoid hitting API rate limits.
Processing symbol: MGT
Processing MGT: Start from 2026-09-11 to 2026-09-14
process in 0.12 second , Updated data for symbol: MGT
Sleeping for 0.05 seconds to avoid hitting API rate limits.
Processing symbol: MICRO
Processing MICRO: Start from 2026-09-11 to 2026-09-14
process in 0.11 second , Updated data for symbol: MICRO
Sleeping for 0.06 seconds to avoid hitting API rate limits.
Processing symbol: MIDA
Processing MIDA: Start from 2026-09-11 to 2026-09-14
process in 0.12 second , Updated data for symbol: MIDA
Sleeping for 0.05 seconds to avoid hitting API rate limits.
Processing symbol: MII
Processing MII: Start from 2026-09-11 to 2026-09-14
process in 0.11 second , Updated data for symbol: MII
Sleeping for 0.06 seconds to avoid hitting API rate limits.
Processing symbol: MILL
Processing MILL: Start from 2026-07-03 to 2026-09-14
process in 0.13 second , Updated data for symbol: MILL
Sleeping for 0.04 seconds to avoid hitting API rate limits.
Processing symbol: MINT
Processing MINT: Start from 2026-09-11 to 2026-09-14
process in 0.11 second , Updated data for symbol: MINT
Sleeping for 0.06 seconds to avoid hitting API rate limits.
Processing symbol: MIPF
Processing MIPF: Start from 2026-09-11 to 2026-09-14
process in 0.13 second , Updated data for symbol: MIPF
Sleeping for 0.03 seconds to avoid hitting API rate limits.
Processing symbol: MITSIB
Processing MITSIB: Start from 2026-09-11 to 2026-09-14
process in 0.17 second , Updated data for symbol: MITSIB
Sleeping for -0.01 seconds to avoid hitting API rate limits.
Processing symbol: MJD
Processing MJD: Start from 2026-09-11 to 2026-09-14
process in 0.11 second , Updated data for symbol: MJD
Sleeping for 0.06 seconds to avoid hitting API rate limits.
Processing symbol: MJLF
Processing MJLF: Start from 2026-09-11 to 2026-09-14
process in 0.13 second , Updated data for symbol: MJLF
Sleeping for 0.04 seconds to avoid hitting API rate limits.
Processing symbol: MK
Processing MK: Start from 2026-09-11 to 2026-09-14
process in 0.12 second , Updated data for symbol: MK
Sleeping for 0.04 seconds to avoid hitting API rate limits.
Processing symbol: ML
Processing ML: Start from 2026-09-11 to 2026-09-14
process in 0.12 second , Updated data for symbol: ML
Sleeping for 0.05 seconds to avoid hitting API rate limits.
Processing symbol: MMM
Processing MMM: Start from 2026-09-11 to 2026-09-14
process in 0.11 second , Updated data for symbol: MMM
Sleeping for 0.06 seconds to avoid hitting API rate limits.
Processing symbol: MNIT
Processing MNIT: Start from 2026-09-11 to 2026-09-14
process in 0.13 second , Updated data for symbol: MNIT
Sleeping for 0.03 seconds to avoid hitting API rate limits.
Processing symbol: MNIT2
Processing MNIT2: Start from 2026-09-11 to 2026-09-14
process in 0.12 second , Updated data for symbol: MNIT2
Sleeping for 0.05 seconds to avoid hitting API rate limits.
Processing symbol: MNRF
Processing MNRF: Start from 2026-09-11 to 2026-09-14
process in 0.11 second , Updated data for symbol: MNRF
Sleeping for 0.05 seconds to avoid hitting API rate limits.
Processing symbol: MODERN
Processing MODERN: Start from 2026-09-11 to 2026-09-14
process in 0.12 second , Updated data for symbol: MODERN
Sleeping for 0.05 seconds to avoid hitting API rate limits.
Processing symbol: MONO
Processing MONO: Start from 2026-09-11 to 2026-09-14
process in 0.13 second , Updated data for symbol: MONO
Sleeping for 0.04 seconds to avoid hitting API rate limits.
Processing symbol: MOONG
Processing MOONG: Start from 2026-09-11 to 2026-09-14
process in 0.33 second , Updated data for symbol: MOONG
Sleeping for -0.17 seconds to avoid hitting API rate limits.
Processing symbol: MORE
Processing MORE: Start from 2026-09-11 to 2026-09-14
process in 0.12 second , Updated data for symbol: MORE
Sleeping for 0.05 seconds to avoid hitting API rate limits.
Processing symbol: MOSHI
Processing MOSHI: Start from 2026-09-11 to 2026-09-14
process in 0.13 second , Updated data for symbol: MOSHI
Sleeping for 0.04 seconds to avoid hitting API rate limits.
Processing symbol: MOTHER
Processing MOTHER: Start from 2026-09-11 to 2026-09-14
process in 0.11 second , Updated data for symbol: MOTHER
Sleeping for 0.06 seconds to avoid hitting API rate limits.
Processing symbol: MPJ
Processing MPJ: Start from 2026-09-11 to 2026-09-14
process in 0.12 second , Updated data for symbol: MPJ
Sleeping for 0.05 seconds to avoid hitting API rate limits.
Processing symbol: MRDIYT
Processing MRDIYT: Start from 2026-09-11 to 2026-09-14
process in 0.13 second , Updated data for symbol: MRDIYT
Sleeping for 0.04 seconds to avoid hitting API rate limits.
Processing symbol: MSC
Processing MSC: Start from 2026-09-11 to 2026-09-14
process in 0.14 second , Updated data for symbol: MSC
Sleeping for 0.03 seconds to avoid hitting API rate limits.
Processing symbol: MST
Processing MST: Start from 2026-09-11 to 2026-09-14
process in 0.11 second , Updated data for symbol: MST
Sleeping for 0.05 seconds to avoid hitting API rate limits.
Processing symbol: MTC
Processing MTC: Start from 2026-09-11 to 2026-09-14
process in 0.13 second , Updated data for symbol: MTC
Sleeping for 0.03 seconds to avoid hitting API rate limits.
Processing symbol: MTI
Processing MTI: Start from 2026-09-11 to 2026-09-14
process in 0.11 second , Updated data for symbol: MTI
Sleeping for 0.05 seconds to avoid hitting API rate limits.
Processing symbol: MTW
Processing MTW: Start from 2026-09-11 to 2026-09-14
process in 0.12 second , Updated data for symbol: MTW
Sleeping for 0.05 seconds to avoid hitting API rate limits.
Processing symbol: MUD
Processing MUD: Start from 2026-09-11 to 2026-09-14
process in 0.12 second , Updated data for symbol: MUD
Sleeping for 0.05 seconds to avoid hitting API rate limits.
Processing symbol: MVP
Processing MVP: Start from 2026-07-03 to 2026-09-14
process in 0.11 second , Updated data for symbol: MVP
Sleeping for 0.06 seconds to avoid hitting API rate limits.
Processing symbol: NAM
Processing NAM: Start from 2026-09-11 to 2026-09-14
process in 0.13 second , Updated data for symbol: NAM
Sleeping for 0.03 seconds to avoid hitting API rate limits.
Processing symbol: NAT
Processing NAT: Start from 2026-09-11 to 2026-09-14
process in 0.12 second , Updated data for symbol: NAT
Sleeping for 0.05 seconds to avoid hitting API rate limits.
Processing symbol: NATION
Processing NATION: Start from 2026-09-11 to 2026-09-14
process in 0.12 second , Updated data for symbol: NATION
Sleeping for 0.05 seconds to avoid hitting API rate limits.
Processing symbol: NC
Processing NC: Start from 2026-09-11 to 2026-09-14
process in 0.13 second , Updated data for symbol: NC
Sleeping for 0.04 seconds to avoid hitting API rate limits.
Processing symbol: NCAP
Processing NCAP: Start from 2026-09-11 to 2026-09-14
process in 0.11 second , Updated data for symbol: NCAP
Sleeping for 0.06 seconds to avoid hitting API rate limits.
Processing symbol: NCH
Processing NCH: Start from 2026-09-11 to 2026-09-14
process in 0.11 second , Updated data for symbol: NCH
Sleeping for 0.06 seconds to avoid hitting API rate limits.
Processing symbol: NCL
Processing NCL: Start from 2026-09-11 to 2026-09-14
process in 0.14 second , Updated data for symbol: NCL
Sleeping for 0.03 seconds to avoid hitting API rate limits.
Processing symbol: NCP
Processing NCP: Start from 2026-09-11 to 2026-09-14
process in 0.11 second , Updated data for symbol: NCP
Sleeping for 0.06 seconds to avoid hitting API rate limits.
Processing symbol: NDR
Processing NDR: Start from 2026-09-11 to 2026-09-14
process in 0.12 second , Updated data for symbol: NDR
Sleeping for 0.05 seconds to avoid hitting API rate limits.
Processing symbol: NEO
Processing NEO: Start from 2026-09-11 to 2026-09-14
process in 0.11 second , Updated data for symbol: NEO
Sleeping for 0.05 seconds to avoid hitting API rate limits.
Processing symbol: NEP
Processing NEP: Start from 2026-09-11 to 2026-09-14
process in 0.36 second , Updated data for symbol: NEP
Sleeping for -0.19 seconds to avoid hitting API rate limits.
Processing symbol: NER
Processing NER: Start from 2026-09-11 to 2026-09-14
process in 0.12 second , Updated data for symbol: NER
Sleeping for 0.04 seconds to avoid hitting API rate limits.
Processing symbol: NETBAY
Processing NETBAY: Start from 2026-09-11 to 2026-09-14
process in 0.11 second , Updated data for symbol: NETBAY
Sleeping for 0.06 seconds to avoid hitting API rate limits.
Processing symbol: NEW
Processing NEW: Start from 2026-08-20 to 2026-09-14
process in 0.11 second , Updated data for symbol: NEW
Sleeping for 0.06 seconds to avoid hitting API rate limits.
Processing symbol: NEX
Processing NEX: Start from 2026-09-11 to 2026-09-14
process in 0.14 second , Updated data for symbol: NEX
Sleeping for 0.03 seconds to avoid hitting API rate limits.
Processing symbol: NFC
Processing NFC: Start from 2025-06-04 to 2026-09-14
process in 0.11 second , Updated data for symbol: NFC
Sleeping for 0.06 seconds to avoid hitting API rate limits.
Processing symbol: NKI
Processing NKI: Start from 2026-09-11 to 2026-09-14
process in 0.12 second , Updated data for symbol: NKI
Sleeping for 0.05 seconds to avoid hitting API rate limits.
Processing symbol: NKT
Processing NKT: Start from 2026-09-11 to 2026-09-14
process in 0.15 second , Updated data for symbol: NKT
Sleeping for 0.02 seconds to avoid hitting API rate limits.
Processing symbol: NL
Processing NL: Start from 2026-09-11 to 2026-09-14
process in 0.12 second , Updated data for symbol: NL
Sleeping for 0.05 seconds to avoid hitting API rate limits.
Processing symbol: NNCL
Processing NNCL: Start from 2026-09-11 to 2026-09-14
process in 0.11 second , Updated data for symbol: NNCL
Sleeping for 0.05 seconds to avoid hitting API rate limits.
Processing symbol: NOBLE
Processing NOBLE: Start from 2026-09-11 to 2026-09-14
process in 0.14 second , Updated data for symbol: NOBLE
Sleeping for 0.03 seconds to avoid hitting API rate limits.
Processing symbol: NOVA
Processing NOVA: Start from 2026-09-11 to 2026-09-14
process in 0.11 second , Updated data for symbol: NOVA
Sleeping for 0.06 seconds to avoid hitting API rate limits.
Processing symbol: NPK
Processing NPK: Start from 2026-09-10 to 2026-09-14
process in 0.12 second , Updated data for symbol: NPK
Sleeping for 0.05 seconds to avoid hitting API rate limits.
Processing symbol: NRF
Processing NRF: Start from 2026-09-11 to 2026-09-14
process in 0.11 second , Updated data for symbol: NRF
Sleeping for 0.05 seconds to avoid hitting API rate limits.
Processing symbol: NSL
Processing NSL: Start from 2026-09-11 to 2026-09-14
process in 0.12 second , Updated data for symbol: NSL
Sleeping for 0.04 seconds to avoid hitting API rate limits.
Processing symbol: NTF
Processing NTF: Start from 2026-09-11 to 2026-09-14
process in 0.12 second , Updated data for symbol: NTF
Sleeping for 0.05 seconds to avoid hitting API rate limits.
Processing symbol: NTSC
Processing NTSC: Start from 2026-09-11 to 2026-09-14
process in 0.12 second , Updated data for symbol: NTSC
Sleeping for 0.05 seconds to avoid hitting API rate limits.
Processing symbol: NTV
Processing NTV: Start from 2026-09-11 to 2026-09-14
process in 0.16 second , Updated data for symbol: NTV
Sleeping for 0.01 seconds to avoid hitting API rate limits.
Processing symbol: NUT
Processing NUT: Start from 2026-09-11 to 2026-09-14
process in 0.13 second , Updated data for symbol: NUT
Sleeping for 0.04 seconds to avoid hitting API rate limits.
Processing symbol: NV
Processing NV: Start from 2026-09-11 to 2026-09-14
process in 0.13 second , Updated data for symbol: NV
Sleeping for 0.04 seconds to avoid hitting API rate limits.
Processing symbol: NVD
Processing NVD: Start from 2026-09-11 to 2026-09-14
process in 0.14 second , Updated data for symbol: NVD
Sleeping for 0.03 seconds to avoid hitting API rate limits.
Processing symbol: NWR
Processing NWR: Start from 2025-05-19 to 2026-09-14
process in 0.11 second , Updated data for symbol: NWR
Sleeping for 0.06 seconds to avoid hitting API rate limits.
Processing symbol: NYT
Processing NYT: Start from 2026-09-11 to 2026-09-14
process in 0.11 second , Updated data for symbol: NYT
Sleeping for 0.05 seconds to avoid hitting API rate limits.
Processing symbol: OCC
Processing OCC: Start from 2026-09-10 to 2026-09-14
process in 0.12 second , Updated data for symbol: OCC
Sleeping for 0.05 seconds to avoid hitting API rate limits.
Processing symbol: OGC
Processing OGC: Start from 2026-09-11 to 2026-09-14
process in 0.12 second , Updated data for symbol: OGC
Sleeping for 0.05 seconds to avoid hitting API rate limits.
Processing symbol: OHTL
Processing OHTL: Start from 2026-09-09 to 2026-09-14
process in 0.10 second , Updated data for symbol: OHTL
Sleeping for 0.06 seconds to avoid hitting API rate limits.
Processing symbol: OKJ
Processing OKJ: Start from 2026-09-11 to 2026-09-14
process in 0.12 second , Updated data for symbol: OKJ
Sleeping for 0.05 seconds to avoid hitting API rate limits.
Processing symbol: ONEE
Processing ONEE: Start from 2026-09-11 to 2026-09-14
process in 0.12 second , Updated data for symbol: ONEE
Sleeping for 0.04 seconds to avoid hitting API rate limits.
Processing symbol: ONSENS
Processing ONSENS: Start from 2026-09-11 to 2026-09-14
process in 0.13 second , Updated data for symbol: ONSENS
Sleeping for 0.03 seconds to avoid hitting API rate limits.
Processing symbol: OR
Processing OR: Start from 2026-09-11 to 2026-09-14
process in 0.14 second , Updated data for symbol: OR
Sleeping for 0.03 seconds to avoid hitting API rate limits.
Processing symbol: ORI
Processing ORI: Start from 2026-09-11 to 2026-09-14
process in 0.13 second , Updated data for symbol: ORI
Sleeping for 0.03 seconds to avoid hitting API rate limits.
Processing symbol: ORN
Processing ORN: Start from 2026-09-11 to 2026-09-14
process in 0.12 second , Updated data for symbol: ORN
Sleeping for 0.04 seconds to avoid hitting API rate limits.
Processing symbol: OSP
Processing OSP: Start from 2026-09-11 to 2026-09-14
process in 0.12 second , Updated data for symbol: OSP
Sleeping for 0.04 seconds to avoid hitting API rate limits.
Processing symbol: PACO
Processing PACO: Start from 2026-09-11 to 2026-09-14
process in 0.12 second , Updated data for symbol: PACO
Sleeping for 0.05 seconds to avoid hitting API rate limits.
Processing symbol: PAF
Processing PAF: Start from 2026-09-11 to 2026-09-14
process in 0.16 second , Updated data for symbol: PAF
Sleeping for 0.00 seconds to avoid hitting API rate limits.
Processing symbol: PANEL
Processing PANEL: Start from 2026-09-11 to 2026-09-14
process in 0.12 second , Updated data for symbol: PANEL
Sleeping for 0.05 seconds to avoid hitting API rate limits.
Processing symbol: PAP
Processing PAP: Start from 2026-09-11 to 2026-09-14
process in 0.12 second , Updated data for symbol: PAP
Sleeping for 0.05 seconds to avoid hitting API rate limits.
Processing symbol: PATO
Processing PATO: Start from 2026-09-11 to 2026-09-14
process in 0.12 second , Updated data for symbol: PATO
Sleeping for 0.05 seconds to avoid hitting API rate limits.
Processing symbol: PB
Processing PB: Start from 2026-09-11 to 2026-09-14
process in 0.11 second , Updated data for symbol: PB
Sleeping for 0.05 seconds to avoid hitting API rate limits.
Processing symbol: PCC
Processing PCC: Start from 2026-09-11 to 2026-09-14
process in 0.12 second , Updated data for symbol: PCC
Sleeping for 0.05 seconds to avoid hitting API rate limits.
Processing symbol: PCE
Processing PCE: Start from 2026-09-11 to 2026-09-14
process in 0.12 second , Updated data for symbol: PCE
Sleeping for 0.04 seconds to avoid hitting API rate limits.
Processing symbol: PCSGH
Processing PCSGH: Start from 2026-09-11 to 2026-09-14
process in 0.12 second , Updated data for symbol: PCSGH
Sleeping for 0.04 seconds to avoid hitting API rate limits.
Processing symbol: PDG
Processing PDG: Start from 2026-09-11 to 2026-09-14
process in 0.13 second , Updated data for symbol: PDG
Sleeping for 0.04 seconds to avoid hitting API rate limits.
Processing symbol: PDJ
Processing PDJ: Start from 2026-09-11 to 2026-09-14
process in 0.13 second , Updated data for symbol: PDJ
Sleeping for 0.04 seconds to avoid hitting API rate limits.
Processing symbol: PEACE
Processing PEACE: Start from 2026-09-11 to 2026-09-14
process in 0.13 second , Updated data for symbol: PEACE
Sleeping for 0.04 seconds to avoid hitting API rate limits.
Processing symbol: PEER
Processing PEER: Start from 2026-09-11 to 2026-09-14
process in 0.14 second , Updated data for symbol: PEER
Sleeping for 0.03 seconds to avoid hitting API rate limits.
Processing symbol: PERM
Processing PERM: Start from 2026-09-11 to 2026-09-14
process in 0.13 second , Updated data for symbol: PERM
Sleeping for 0.04 seconds to avoid hitting API rate limits.
Processing symbol: PF
Processing PF: Start from 2026-08-14 to 2026-09-14
process in 0.11 second , Updated data for symbol: PF
Sleeping for 0.06 seconds to avoid hitting API rate limits.
Processing symbol: PG
Processing PG: Start from 2026-09-11 to 2026-09-14
process in 0.13 second , Updated data for symbol: PG
Sleeping for 0.04 seconds to avoid hitting API rate limits.
Processing symbol: PHAT
Processing PHAT: Start from 2026-09-11 to 2026-09-14
process in 0.13 second , Updated data for symbol: PHAT
Sleeping for 0.04 seconds to avoid hitting API rate limits.
Processing symbol: PHG
Processing PHG: Start from 2026-09-11 to 2026-09-14
process in 0.12 second , Updated data for symbol: PHG
Sleeping for 0.05 seconds to avoid hitting API rate limits.
Processing symbol: PHOL
Processing PHOL: Start from 2026-09-11 to 2026-09-14
process in 0.12 second , Updated data for symbol: PHOL
Sleeping for 0.05 seconds to avoid hitting API rate limits.
Processing symbol: PICO
Processing PICO: Start from 2026-03-31 to 2026-09-14
process in 0.11 second , Updated data for symbol: PICO
Sleeping for 0.05 seconds to avoid hitting API rate limits.
Processing symbol: PIMO
Processing PIMO: Start from 2026-09-11 to 2026-09-14
process in 0.15 second , Updated data for symbol: PIMO
Sleeping for 0.02 seconds to avoid hitting API rate limits.
Processing symbol: PIN
Processing PIN: Start from 2026-09-11 to 2026-09-14
process in 0.18 second , Updated data for symbol: PIN
Sleeping for -0.01 seconds to avoid hitting API rate limits.
Processing symbol: PIS
Processing PIS: Start from 2026-09-11 to 2026-09-14
process in 0.12 second , Updated data for symbol: PIS
Sleeping for 0.04 seconds to avoid hitting API rate limits.
Processing symbol: PJW
Processing PJW: Start from 2026-09-11 to 2026-09-14
process in 0.17 second , Updated data for symbol: PJW
Sleeping for -0.00 seconds to avoid hitting API rate limits.
Processing symbol: PK
Processing PK: Start from 2026-09-11 to 2026-09-14
process in 0.10 second , Updated data for symbol: PK
Sleeping for 0.06 seconds to avoid hitting API rate limits.
Processing symbol: PL
Processing PL: Start from 2026-09-11 to 2026-09-14
process in 0.12 second , Updated data for symbol: PL
Sleeping for 0.05 seconds to avoid hitting API rate limits.
Processing symbol: PLANB
Processing PLANB: Start from 2026-09-11 to 2026-09-14
process in 0.12 second , Updated data for symbol: PLANB
Sleeping for 0.05 seconds to avoid hitting API rate limits.
Processing symbol: PLANET
Processing PLANET: Start from 2026-09-11 to 2026-09-14
process in 0.11 second , Updated data for symbol: PLANET
Sleeping for 0.06 seconds to avoid hitting API rate limits.
Processing symbol: PLAT
Processing PLAT: Start from 2026-09-11 to 2026-09-14
process in 0.12 second , Updated data for symbol: PLAT
Sleeping for 0.05 seconds to avoid hitting API rate limits.
Processing symbol: PLE
Processing PLE: Start from 2026-09-11 to 2026-09-14
process in 0.12 second , Updated data for symbol: PLE
Sleeping for 0.05 seconds to avoid hitting API rate limits.
Processing symbol: PLT
Processing PLT: Start from 2026-09-11 to 2026-09-14
process in 0.19 second , Updated data for symbol: PLT
Sleeping for -0.02 seconds to avoid hitting API rate limits.
Processing symbol: PLUS
Processing PLUS: Start from 2026-09-11 to 2026-09-14
process in 0.11 second , Updated data for symbol: PLUS
Sleeping for 0.06 seconds to avoid hitting API rate limits.
Processing symbol: PM
Processing PM: Start from 2026-09-11 to 2026-09-14
process in 0.11 second , Updated data for symbol: PM
Sleeping for 0.05 seconds to avoid hitting API rate limits.
Processing symbol: PMC
Processing PMC: Start from 2026-09-11 to 2026-09-14
process in 0.12 second , Updated data for symbol: PMC
Sleeping for 0.05 seconds to avoid hitting API rate limits.
Processing symbol: PMTA
Processing PMTA: Start from 2026-09-11 to 2026-09-14
process in 0.17 second , Updated data for symbol: PMTA
Sleeping for -0.01 seconds to avoid hitting API rate limits.
Processing symbol: POLY
Processing POLY: Start from 2026-09-11 to 2026-09-14
process in 0.12 second , Updated data for symbol: POLY
Sleeping for 0.05 seconds to avoid hitting API rate limits.
Processing symbol: POPF
Processing POPF: Start from 2026-09-11 to 2026-09-14
process in 0.11 second , Updated data for symbol: POPF
Sleeping for 0.06 seconds to avoid hitting API rate limits.
Processing symbol: PORT
Processing PORT: Start from 2026-09-11 to 2026-09-14
process in 0.17 second , Updated data for symbol: PORT
Sleeping for -0.00 seconds to avoid hitting API rate limits.
Processing symbol: POWER
Processing POWER: Start from 2026-09-11 to 2026-09-14
process in 0.11 second , Updated data for symbol: POWER
Sleeping for 0.05 seconds to avoid hitting API rate limits.
Processing symbol: PPM
Processing PPM: Start from 2026-09-11 to 2026-09-14
process in 0.11 second , Updated data for symbol: PPM
Sleeping for 0.05 seconds to avoid hitting API rate limits.
Processing symbol: PPP
Processing PPP: Start from 2026-09-11 to 2026-09-14
process in 0.12 second , Updated data for symbol: PPP
Sleeping for 0.04 seconds to avoid hitting API rate limits.
Processing symbol: PPPM
Processing PPPM: Start from 2026-09-11 to 2026-09-14
process in 0.11 second , Updated data for symbol: PPPM
Sleeping for 0.05 seconds to avoid hitting API rate limits.
Processing symbol: PPS
Processing PPS: Start from 2026-09-11 to 2026-09-14
process in 0.12 second , Updated data for symbol: PPS
Sleeping for 0.05 seconds to avoid hitting API rate limits.
Processing symbol: PQS
Processing PQS: Start from 2026-09-11 to 2026-09-14
process in 0.11 second , Updated data for symbol: PQS
Sleeping for 0.05 seconds to avoid hitting API rate limits.
Processing symbol: PR9
Processing PR9: Start from 2026-09-11 to 2026-09-14
process in 0.37 second , Updated data for symbol: PR9
Sleeping for -0.21 seconds to avoid hitting API rate limits.
Processing symbol: PRAKIT
Processing PRAKIT: Start from 2026-09-11 to 2026-09-14
process in 0.11 second , Updated data for symbol: PRAKIT
Sleeping for 0.05 seconds to avoid hitting API rate limits.
Processing symbol: PRAPAT
Processing PRAPAT: Start from 2026-09-11 to 2026-09-14
process in 0.12 second , Updated data for symbol: PRAPAT
Sleeping for 0.04 seconds to avoid hitting API rate limits.
Processing symbol: PREB
Processing PREB: Start from 2026-09-11 to 2026-09-14
process in 0.14 second , Updated data for symbol: PREB
Sleeping for 0.02 seconds to avoid hitting API rate limits.
Processing symbol: PRECHA
Processing PRECHA: Start from 2026-09-11 to 2026-09-14
process in 0.11 second , Updated data for symbol: PRECHA
Sleeping for 0.06 seconds to avoid hitting API rate limits.
Processing symbol: PRG
Processing PRG: Start from 2026-09-11 to 2026-09-14
process in 0.12 second , Updated data for symbol: PRG
Sleeping for 0.05 seconds to avoid hitting API rate limits.
Processing symbol: PRI
Processing PRI: Start from 2026-09-11 to 2026-09-14
process in 0.11 second , Updated data for symbol: PRI
Sleeping for 0.06 seconds to avoid hitting API rate limits.
Processing symbol: PRIME
Processing PRIME: Start from 2026-09-11 to 2026-09-14
process in 0.10 second , Updated data for symbol: PRIME
Sleeping for 0.06 seconds to avoid hitting API rate limits.
Processing symbol: PRIN
Processing PRIN: Start from 2026-09-11 to 2026-09-14
process in 0.19 second , Updated data for symbol: PRIN
Sleeping for -0.02 seconds to avoid hitting API rate limits.
Processing symbol: PRINC
Processing PRINC: Start from 2026-09-11 to 2026-09-14
process in 0.11 second , Updated data for symbol: PRINC
Sleeping for 0.06 seconds to avoid hitting API rate limits.
Processing symbol: PRM
Processing PRM: Start from 2026-09-11 to 2026-09-14
process in 0.11 second , Updated data for symbol: PRM
Sleeping for 0.05 seconds to avoid hitting API rate limits.
Processing symbol: PROEN
Processing PROEN: Start from 2026-09-11 to 2026-09-14
process in 0.11 second , Updated data for symbol: PROEN
Sleeping for 0.05 seconds to avoid hitting API rate limits.
Processing symbol: PROS
Processing PROS: Start from 2026-09-11 to 2026-09-14
process in 0.11 second , Updated data for symbol: PROS
Sleeping for 0.05 seconds to avoid hitting API rate limits.
Processing symbol: PROSPECT
Processing PROSPECT: Start from 2026-09-11 to 2026-09-14
process in 0.13 second , Updated data for symbol: PROSPECT
Sleeping for 0.04 seconds to avoid hitting API rate limits.
Processing symbol: PROUD
Processing PROUD: Start from 2026-09-11 to 2026-09-14
process in 0.14 second , Updated data for symbol: PROUD
Sleeping for 0.03 seconds to avoid hitting API rate limits.
Processing symbol: PRTR
Processing PRTR: Start from 2026-09-11 to 2026-09-14
process in 0.13 second , Updated data for symbol: PRTR
Sleeping for 0.03 seconds to avoid hitting API rate limits.
Processing symbol: PSGC
Processing PSGC: Start from 2026-09-11 to 2026-09-14
process in 0.11 second , Updated data for symbol: PSGC
Sleeping for 0.06 seconds to avoid hitting API rate limits.
Processing symbol: PSH
Processing PSH: Start from 2026-09-11 to 2026-09-14
process in 0.11 second , Updated data for symbol: PSH
Sleeping for 0.05 seconds to avoid hitting API rate limits.
Processing symbol: PSL
Processing PSL: Start from 2026-09-11 to 2026-09-14
process in 0.11 second , Updated data for symbol: PSL
Sleeping for 0.06 seconds to avoid hitting API rate limits.
Processing symbol: PSP
Processing PSP: Start from 2026-09-11 to 2026-09-14
process in 0.11 second , Updated data for symbol: PSP
Sleeping for 0.06 seconds to avoid hitting API rate limits.
Processing symbol: PT
Processing PT: Start from 2026-09-11 to 2026-09-14
process in 0.12 second , Updated data for symbol: PT
Sleeping for 0.05 seconds to avoid hitting API rate limits.
Processing symbol: PTC
Processing PTC: Start from 2026-09-11 to 2026-09-14
process in 0.11 second , Updated data for symbol: PTC
Sleeping for 0.05 seconds to avoid hitting API rate limits.
Processing symbol: PTG
Processing PTG: Start from 2026-09-11 to 2026-09-14
process in 0.12 second , Updated data for symbol: PTG
Sleeping for 0.05 seconds to avoid hitting API rate limits.
Processing symbol: PTL
Processing PTL: Start from 2026-09-11 to 2026-09-14
process in 0.12 second , Updated data for symbol: PTL
Sleeping for 0.04 seconds to avoid hitting API rate limits.
Processing symbol: PTT
Processing PTT: Start from 2026-09-11 to 2026-09-14
process in 0.12 second , Updated data for symbol: PTT
Sleeping for 0.05 seconds to avoid hitting API rate limits.
Processing symbol: PTTEP
Processing PTTEP: Start from 2026-09-11 to 2026-09-14
process in 0.11 second , Updated data for symbol: PTTEP
Sleeping for 0.05 seconds to avoid hitting API rate limits.
Processing symbol: PTTGC
Processing PTTGC: Start from 2026-09-11 to 2026-09-14
process in 0.12 second , Updated data for symbol: PTTGC
Sleeping for 0.05 seconds to avoid hitting API rate limits.
Processing symbol: PYLON
Processing PYLON: Start from 2026-09-11 to 2026-09-14
process in 0.11 second , Updated data for symbol: PYLON
Sleeping for 0.06 seconds to avoid hitting API rate limits.
Processing symbol: Q-CON
Processing Q-CON: Start from 2026-09-11 to 2026-09-14
process in 0.13 second , Updated data for symbol: Q-CON
Sleeping for 0.04 seconds to avoid hitting API rate limits.
Processing symbol: QDC
Processing QDC: Start from 2026-09-11 to 2026-09-14
process in 0.11 second , Updated data for symbol: QDC
Sleeping for 0.05 seconds to avoid hitting API rate limits.
Processing symbol: QH
Processing QH: Start from 2026-09-11 to 2026-09-14
process in 0.12 second , Updated data for symbol: QH
Sleeping for 0.05 seconds to avoid hitting API rate limits.
Processing symbol: QHBREIT
Processing QHBREIT: Start from 2026-09-11 to 2026-09-14
process in 0.12 second , Updated data for symbol: QHBREIT
Sleeping for 0.05 seconds to avoid hitting API rate limits.
Processing symbol: QHHRREIT
Processing QHHRREIT: Start from 2026-09-11 to 2026-09-14
process in 0.15 second , Updated data for symbol: QHHRREIT
Sleeping for 0.01 seconds to avoid hitting API rate limits.
Processing symbol: QHOP
Processing QHOP: Start from 2026-09-11 to 2026-09-14
process in 0.12 second , Updated data for symbol: QHOP
Sleeping for 0.05 seconds to avoid hitting API rate limits.
Processing symbol: QLT
Processing QLT: Start from 2026-09-11 to 2026-09-14
process in 0.12 second , Updated data for symbol: QLT
Sleeping for 0.05 seconds to avoid hitting API rate limits.
Processing symbol: QTC
Processing QTC: Start from 2026-09-11 to 2026-09-14
process in 0.12 second , Updated data for symbol: QTC
Sleeping for 0.05 seconds to avoid hitting API rate limits.
Processing symbol: QTCG
Processing QTCG: Start from 2026-09-11 to 2026-09-14
process in 0.12 second , Updated data for symbol: QTCG
Sleeping for 0.05 seconds to avoid hitting API rate limits.
Processing symbol: RABBIT
Processing RABBIT: Start from 2026-09-11 to 2026-09-14
process in 0.12 second , Updated data for symbol: RABBIT
Sleeping for 0.04 seconds to avoid hitting API rate limits.
Processing symbol: RAM
Processing RAM: Start from 2026-09-11 to 2026-09-14
process in 0.12 second , Updated data for symbol: RAM
Sleeping for 0.04 seconds to avoid hitting API rate limits.
Processing symbol: RATCH
Processing RATCH: Start from 2026-09-11 to 2026-09-14
process in 0.12 second , Updated data for symbol: RATCH
Sleeping for 0.05 seconds to avoid hitting API rate limits.
Processing symbol: RBF
Processing RBF: Start from 2026-09-11 to 2026-09-14
process in 0.12 second , Updated data for symbol: RBF
Sleeping for 0.05 seconds to avoid hitting API rate limits.
Processing symbol: RCL
Processing RCL: Start from 2026-09-11 to 2026-09-14
process in 0.11 second , Updated data for symbol: RCL
Sleeping for 0.06 seconds to avoid hitting API rate limits.
Processing symbol: READY
Processing READY: Start from 2026-09-11 to 2026-09-14
process in 0.11 second , Updated data for symbol: READY
Sleeping for 0.05 seconds to avoid hitting API rate limits.
Processing symbol: RICHY
Processing RICHY: Start from 2026-09-11 to 2026-09-14
process in 0.15 second , Updated data for symbol: RICHY
Sleeping for 0.02 seconds to avoid hitting API rate limits.
Processing symbol: RJH
Processing RJH: Start from 2026-09-11 to 2026-09-14
process in 0.13 second , Updated data for symbol: RJH
Sleeping for 0.04 seconds to avoid hitting API rate limits.
Processing symbol: RML
Processing RML: Start from 2026-09-11 to 2026-09-14
process in 0.12 second , Updated data for symbol: RML
Sleeping for 0.05 seconds to avoid hitting API rate limits.
Processing symbol: ROCK
Processing ROCK: Start from 2026-09-11 to 2026-09-14
process in 0.15 second , Updated data for symbol: ROCK
Sleeping for 0.02 seconds to avoid hitting API rate limits.
Processing symbol: ROCTEC
Processing ROCTEC: Start from 2026-09-11 to 2026-09-14
process in 0.13 second , Updated data for symbol: ROCTEC
Sleeping for 0.04 seconds to avoid hitting API rate limits.
Processing symbol: ROH
Processing ROH: Start from 2025-06-04 to 2026-09-14
process in 0.12 second , Updated data for symbol: ROH
Sleeping for 0.05 seconds to avoid hitting API rate limits.
Processing symbol: ROJNA
Processing ROJNA: Start from 2026-09-11 to 2026-09-14
process in 0.14 second , Updated data for symbol: ROJNA
Sleeping for 0.03 seconds to avoid hitting API rate limits.
Processing symbol: RP
Processing RP: Start from 2026-09-11 to 2026-09-14
process in 0.11 second , Updated data for symbol: RP
Sleeping for 0.05 seconds to avoid hitting API rate limits.
Processing symbol: RPC
Processing RPC: Start from 2026-09-11 to 2026-09-14
process in 0.13 second , Updated data for symbol: RPC
Sleeping for 0.04 seconds to avoid hitting API rate limits.
Processing symbol: RPH
Processing RPH: Start from 2026-09-11 to 2026-09-14
process in 0.11 second , Updated data for symbol: RPH
Sleeping for 0.05 seconds to avoid hitting API rate limits.
Processing symbol: RS
Processing RS: Start from 2026-09-11 to 2026-09-14
process in 0.12 second , Updated data for symbol: RS
Sleeping for 0.05 seconds to avoid hitting API rate limits.
Processing symbol: RSP
Processing RSP: Start from 2026-09-11 to 2026-09-14
process in 0.12 second , Updated data for symbol: RSP
Sleeping for 0.05 seconds to avoid hitting API rate limits.
Processing symbol: RT
Processing RT: Start from 2026-09-11 to 2026-09-14
process in 0.10 second , Updated data for symbol: RT
Sleeping for 0.07 seconds to avoid hitting API rate limits.
Processing symbol: RWI
Processing RWI: Start from 2026-09-11 to 2026-09-14
process in 0.12 second , Updated data for symbol: RWI
Sleeping for 0.05 seconds to avoid hitting API rate limits.
Processing symbol: S
Processing S: Start from 2026-09-11 to 2026-09-14
process in 0.12 second , Updated data for symbol: S
Sleeping for 0.04 seconds to avoid hitting API rate limits.
Processing symbol: S&J
Processing S&J: Start from 2026-09-11 to 2026-09-14
process in 0.12 second , Updated data for symbol: S&J
Sleeping for 0.05 seconds to avoid hitting API rate limits.
Processing symbol: S11
Processing S11: Start from 2026-09-11 to 2026-09-14
process in 0.12 second , Updated data for symbol: S11
Sleeping for 0.05 seconds to avoid hitting API rate limits.
Processing symbol: SA
Processing SA: Start from 2026-09-11 to 2026-09-14
process in 0.11 second , Updated data for symbol: SA
Sleeping for 0.06 seconds to avoid hitting API rate limits.
Processing symbol: SAAM
Processing SAAM: Start from 2026-09-10 to 2026-09-14
process in 0.13 second , Updated data for symbol: SAAM
Sleeping for 0.03 seconds to avoid hitting API rate limits.
Processing symbol: SABINA
Processing SABINA: Start from 2026-09-11 to 2026-09-14
process in 0.11 second , Updated data for symbol: SABINA
Sleeping for 0.06 seconds to avoid hitting API rate limits.
Processing symbol: SAF
Processing SAF: Start from 2026-09-11 to 2026-09-14
process in 0.12 second , Updated data for symbol: SAF
Sleeping for 0.05 seconds to avoid hitting API rate limits.
Processing symbol: SAFE
Processing SAFE: Start from 2026-09-11 to 2026-09-14
process in 0.36 second , Updated data for symbol: SAFE
Sleeping for -0.19 seconds to avoid hitting API rate limits.
Processing symbol: SAK
Processing SAK: Start from 2026-09-11 to 2026-09-14
process in 0.12 second , Updated data for symbol: SAK
Sleeping for 0.05 seconds to avoid hitting API rate limits.
Processing symbol: SALEE
Processing SALEE: Start from 2026-09-11 to 2026-09-14
process in 0.13 second , Updated data for symbol: SALEE
Sleeping for 0.04 seconds to avoid hitting API rate limits.
Processing symbol: SAM
Processing SAM: Start from 2026-07-03 to 2026-09-14
process in 0.11 second , Updated data for symbol: SAM
Sleeping for 0.06 seconds to avoid hitting API rate limits.
Processing symbol: SAMART
Processing SAMART: Start from 2026-09-11 to 2026-09-14
process in 0.13 second , Updated data for symbol: SAMART
Sleeping for 0.04 seconds to avoid hitting API rate limits.
Processing symbol: SAMCO
Processing SAMCO: Start from 2026-09-11 to 2026-09-14
process in 0.11 second , Updated data for symbol: SAMCO
Sleeping for 0.06 seconds to avoid hitting API rate limits.
Processing symbol: SAMTEL
Processing SAMTEL: Start from 2026-09-11 to 2026-09-14
process in 0.12 second , Updated data for symbol: SAMTEL
Sleeping for 0.05 seconds to avoid hitting API rate limits.
Processing symbol: SANKO
Processing SANKO: Start from 2026-09-11 to 2026-09-14
process in 0.11 second , Updated data for symbol: SANKO
Sleeping for 0.05 seconds to avoid hitting API rate limits.
Processing symbol: SAPPE
Processing SAPPE: Start from 2026-09-11 to 2026-09-14
process in 0.13 second , Updated data for symbol: SAPPE
Sleeping for 0.04 seconds to avoid hitting API rate limits.
Processing symbol: SAT
Processing SAT: Start from 2026-09-11 to 2026-09-14
process in 0.12 second , Updated data for symbol: SAT
Sleeping for 0.05 seconds to avoid hitting API rate limits.
Processing symbol: SAUCE
Processing SAUCE: Start from 2026-09-11 to 2026-09-14
process in 0.12 second , Updated data for symbol: SAUCE
Sleeping for 0.05 seconds to avoid hitting API rate limits.
Processing symbol: SAV
Processing SAV: Start from 2026-09-11 to 2026-09-14
process in 0.12 second , Updated data for symbol: SAV
Sleeping for 0.04 seconds to avoid hitting API rate limits.
Processing symbol: SAWAD
Processing SAWAD: Start from 2026-09-11 to 2026-09-14
process in 0.12 second , Updated data for symbol: SAWAD
Sleeping for 0.04 seconds to avoid hitting API rate limits.
Processing symbol: SAWANG
Processing SAWANG: Start from 2026-08-17 to 2026-09-14
process in 0.11 second , Updated data for symbol: SAWANG
Sleeping for 0.06 seconds to avoid hitting API rate limits.
Processing symbol: SC
Processing SC: Start from 2026-09-11 to 2026-09-14
process in 0.12 second , Updated data for symbol: SC
Sleeping for 0.04 seconds to avoid hitting API rate limits.
Processing symbol: SCAP
Processing SCAP: Start from 2026-09-11 to 2026-09-14
process in 0.12 second , Updated data for symbol: SCAP
Sleeping for 0.04 seconds to avoid hitting API rate limits.
Processing symbol: SCB
Processing SCB: Start from 2026-09-11 to 2026-09-14
process in 0.12 second , Updated data for symbol: SCB
Sleeping for 0.05 seconds to avoid hitting API rate limits.
Processing symbol: SCC
Processing SCC: Start from 2026-09-11 to 2026-09-14
process in 0.12 second , Updated data for symbol: SCC
Sleeping for 0.05 seconds to avoid hitting API rate limits.
Processing symbol: SCCC
Processing SCCC: Start from 2026-09-11 to 2026-09-14
process in 0.11 second , Updated data for symbol: SCCC
Sleeping for 0.05 seconds to avoid hitting API rate limits.
Processing symbol: SCG
Processing SCG: Start from 2026-09-11 to 2026-09-14
process in 0.12 second , Updated data for symbol: SCG
Sleeping for 0.05 seconds to avoid hitting API rate limits.
Processing symbol: SCGD
Processing SCGD: Start from 2026-09-11 to 2026-09-14
process in 0.11 second , Updated data for symbol: SCGD
Sleeping for 0.05 seconds to avoid hitting API rate limits.
Processing symbol: SCGP
Processing SCGP: Start from 2026-09-11 to 2026-09-14
process in 0.13 second , Updated data for symbol: SCGP
Sleeping for 0.04 seconds to avoid hitting API rate limits.
Processing symbol: SCI
Processing SCI: Start from 2026-09-11 to 2026-09-14
process in 0.15 second , Updated data for symbol: SCI
Sleeping for 0.02 seconds to avoid hitting API rate limits.
Processing symbol: SCL
Processing SCL: Start from 2026-09-11 to 2026-09-14
process in 0.11 second , Updated data for symbol: SCL
Sleeping for 0.05 seconds to avoid hitting API rate limits.
Processing symbol: SCM
Processing SCM: Start from 2026-09-11 to 2026-09-14
process in 0.11 second , Updated data for symbol: SCM
Sleeping for 0.06 seconds to avoid hitting API rate limits.
Processing symbol: SCN
Processing SCN: Start from 2026-09-11 to 2026-09-14
process in 0.15 second , Updated data for symbol: SCN
Sleeping for 0.02 seconds to avoid hitting API rate limits.
Processing symbol: SCP
Processing SCP: Start from 2026-09-11 to 2026-09-14
process in 0.13 second , Updated data for symbol: SCP
Sleeping for 0.03 seconds to avoid hitting API rate limits.
Processing symbol: SDC
Processing SDC: Start from 2026-09-11 to 2026-09-14
process in 0.13 second , Updated data for symbol: SDC
Sleeping for 0.04 seconds to avoid hitting API rate limits.
Processing symbol: SE
Processing SE: Start from 2026-09-11 to 2026-09-14
process in 0.12 second , Updated data for symbol: SE
Sleeping for 0.05 seconds to avoid hitting API rate limits.
Processing symbol: SE-ED
Processing SE-ED: Start from 2026-09-11 to 2026-09-14
process in 0.12 second , Updated data for symbol: SE-ED
Sleeping for 0.05 seconds to avoid hitting API rate limits.
Processing symbol: SEAFCO
Processing SEAFCO: Start from 2026-09-11 to 2026-09-14
process in 0.12 second , Updated data for symbol: SEAFCO
Sleeping for 0.05 seconds to avoid hitting API rate limits.
Processing symbol: SEAOIL
Processing SEAOIL: Start from 2026-09-11 to 2026-09-14
process in 0.15 second , Updated data for symbol: SEAOIL
Sleeping for 0.02 seconds to avoid hitting API rate limits.
Processing symbol: SECURE
Processing SECURE: Start from 2026-09-11 to 2026-09-14
process in 0.13 second , Updated data for symbol: SECURE
Sleeping for 0.04 seconds to avoid hitting API rate limits.
Processing symbol: SEI
Processing SEI: Start from 2026-09-11 to 2026-09-14
process in 0.11 second , Updated data for symbol: SEI
Sleeping for 0.05 seconds to avoid hitting API rate limits.
Processing symbol: SELIC
Processing SELIC: Start from 2026-09-11 to 2026-09-14
process in 0.12 second , Updated data for symbol: SELIC
Sleeping for 0.05 seconds to avoid hitting API rate limits.
Processing symbol: SENA
Processing SENA: Start from 2026-09-11 to 2026-09-14
process in 0.10 second , Updated data for symbol: SENA
Sleeping for 0.06 seconds to avoid hitting API rate limits.
Processing symbol: SENX
Processing SENX: Start from 2026-09-11 to 2026-09-14
process in 0.11 second , Updated data for symbol: SENX
Sleeping for 0.05 seconds to avoid hitting API rate limits.
Processing symbol: SFLEX
Processing SFLEX: Start from 2026-09-11 to 2026-09-14
process in 0.11 second , Updated data for symbol: SFLEX
Sleeping for 0.06 seconds to avoid hitting API rate limits.
Processing symbol: SFT
Processing SFT: Start from 2026-09-11 to 2026-09-14
process in 0.11 second , Updated data for symbol: SFT
Sleeping for 0.06 seconds to avoid hitting API rate limits.
Processing symbol: SGC
Processing SGC: Start from 2026-09-11 to 2026-09-14
process in 0.14 second , Updated data for symbol: SGC
Sleeping for 0.03 seconds to avoid hitting API rate limits.
Processing symbol: SGF
Processing SGF: Start from 2026-09-11 to 2026-09-14
process in 0.12 second , Updated data for symbol: SGF
Sleeping for 0.04 seconds to avoid hitting API rate limits.
Processing symbol: SGP
Processing SGP: Start from 2026-09-11 to 2026-09-14
process in 0.12 second , Updated data for symbol: SGP
Sleeping for 0.05 seconds to avoid hitting API rate limits.
Processing symbol: SHANG
Processing SHANG: Start from 2026-09-10 to 2026-09-14
process in 0.11 second , Updated data for symbol: SHANG
Sleeping for 0.06 seconds to avoid hitting API rate limits.
Processing symbol: SHR
Processing SHR: Start from 2026-09-11 to 2026-09-14
process in 0.12 second , Updated data for symbol: SHR
Sleeping for 0.05 seconds to avoid hitting API rate limits.
Processing symbol: SIAM
Processing SIAM: Start from 2026-09-11 to 2026-09-14
process in 0.11 second , Updated data for symbol: SIAM
Sleeping for 0.06 seconds to avoid hitting API rate limits.
Processing symbol: SICT
Processing SICT: Start from 2026-09-11 to 2026-09-14
process in 0.12 second , Updated data for symbol: SICT
Sleeping for 0.05 seconds to avoid hitting API rate limits.
Processing symbol: SIMAT
Processing SIMAT: Start from 2026-09-11 to 2026-09-14
process in 0.13 second , Updated data for symbol: SIMAT
Sleeping for 0.04 seconds to avoid hitting API rate limits.
Processing symbol: SINGER
Processing SINGER: Start from 2026-09-11 to 2026-09-14
process in 0.12 second , Updated data for symbol: SINGER
Sleeping for 0.04 seconds to avoid hitting API rate limits.
Processing symbol: SINO
Processing SINO: Start from 2026-09-11 to 2026-09-14
process in 0.15 second , Updated data for symbol: SINO
Sleeping for 0.01 seconds to avoid hitting API rate limits.
Processing symbol: SIRI
Processing SIRI: Start from 2026-09-11 to 2026-09-14
process in 0.11 second , Updated data for symbol: SIRI
Sleeping for 0.05 seconds to avoid hitting API rate limits.
Processing symbol: SIRIPRT
Processing SIRIPRT: Start from 2026-09-11 to 2026-09-14
process in 0.10 second , Updated data for symbol: SIRIPRT
Sleeping for 0.07 seconds to avoid hitting API rate limits.
Processing symbol: SIS
Processing SIS: Start from 2026-09-11 to 2026-09-14
process in 0.11 second , Updated data for symbol: SIS
Sleeping for 0.05 seconds to avoid hitting API rate limits.
Processing symbol: SISB
Processing SISB: Start from 2026-09-11 to 2026-09-14
process in 0.12 second , Updated data for symbol: SISB
Sleeping for 0.05 seconds to avoid hitting API rate limits.
Processing symbol: SITHAI
Processing SITHAI: Start from 2026-09-11 to 2026-09-14
process in 0.15 second , Updated data for symbol: SITHAI
Sleeping for 0.02 seconds to avoid hitting API rate limits.
Processing symbol: SJWD
Processing SJWD: Start from 2026-09-11 to 2026-09-14
process in 0.12 second , Updated data for symbol: SJWD
Sleeping for 0.05 seconds to avoid hitting API rate limits.
Processing symbol: SK
Processing SK: Start from 2026-09-11 to 2026-09-14
process in 0.13 second , Updated data for symbol: SK
Sleeping for 0.03 seconds to avoid hitting API rate limits.
Processing symbol: SKE
Processing SKE: Start from 2026-09-11 to 2026-09-14
process in 0.12 second , Updated data for symbol: SKE
Sleeping for 0.05 seconds to avoid hitting API rate limits.
Processing symbol: SKIN
Processing SKIN: Start from 2026-09-11 to 2026-09-14
process in 0.11 second , Updated data for symbol: SKIN
Sleeping for 0.06 seconds to avoid hitting API rate limits.
Processing symbol: SKN
Processing SKN: Start from 2026-09-11 to 2026-09-14
process in 0.11 second , Updated data for symbol: SKN
Sleeping for 0.06 seconds to avoid hitting API rate limits.
Processing symbol: SKR
Processing SKR: Start from 2026-09-11 to 2026-09-14
process in 0.11 second , Updated data for symbol: SKR
Sleeping for 0.06 seconds to avoid hitting API rate limits.
Processing symbol: SKY
Processing SKY: Start from 2026-09-11 to 2026-09-14
process in 0.12 second , Updated data for symbol: SKY
Sleeping for 0.05 seconds to avoid hitting API rate limits.
Processing symbol: SLP
Processing SLP: Start from 2026-09-11 to 2026-09-14
process in 0.14 second , Updated data for symbol: SLP
Sleeping for 0.03 seconds to avoid hitting API rate limits.
Processing symbol: SMART
Processing SMART: Start from 2026-09-11 to 2026-09-14
process in 0.12 second , Updated data for symbol: SMART
Sleeping for 0.05 seconds to avoid hitting API rate limits.
Processing symbol: SMD100
Processing SMD100: Start from 2026-09-11 to 2026-09-14
process in 0.11 second , Updated data for symbol: SMD100
Sleeping for 0.06 seconds to avoid hitting API rate limits.
Processing symbol: SMIT
Processing SMIT: Start from 2026-09-11 to 2026-09-14
process in 0.14 second , Updated data for symbol: SMIT
Sleeping for 0.03 seconds to avoid hitting API rate limits.
Processing symbol: SMO
Processing SMO: Start from 2026-09-11 to 2026-09-14
process in 0.11 second , Updated data for symbol: SMO
Sleeping for 0.06 seconds to avoid hitting API rate limits.
Processing symbol: SMPC
Processing SMPC: Start from 2026-09-11 to 2026-09-14
process in 0.12 second , Updated data for symbol: SMPC
Sleeping for 0.04 seconds to avoid hitting API rate limits.
Processing symbol: SMT
Processing SMT: Start from 2026-09-11 to 2026-09-14
process in 0.12 second , Updated data for symbol: SMT
Sleeping for 0.05 seconds to avoid hitting API rate limits.
Processing symbol: SNC
Processing SNC: Start from 2026-09-11 to 2026-09-14
process in 0.14 second , Updated data for symbol: SNC
Sleeping for 0.03 seconds to avoid hitting API rate limits.
Processing symbol: SNNP
Processing SNNP: Start from 2026-09-11 to 2026-09-14
process in 0.12 second , Updated data for symbol: SNNP
Sleeping for 0.05 seconds to avoid hitting API rate limits.
Processing symbol: SNP
Processing SNP: Start from 2026-09-11 to 2026-09-14
process in 0.13 second , Updated data for symbol: SNP
Sleeping for 0.04 seconds to avoid hitting API rate limits.
Processing symbol: SNPS
Processing SNPS: Start from 2026-09-11 to 2026-09-14
process in 0.12 second , Updated data for symbol: SNPS
Sleeping for 0.05 seconds to avoid hitting API rate limits.
Processing symbol: SO
Processing SO: Start from 2026-09-11 to 2026-09-14
process in 0.12 second , Updated data for symbol: SO
Sleeping for 0.04 seconds to avoid hitting API rate limits.
Processing symbol: SOLAR
Processing SOLAR: Start from 2026-09-11 to 2026-09-14
process in 0.11 second , Updated data for symbol: SOLAR
Sleeping for 0.05 seconds to avoid hitting API rate limits.
Processing symbol: SONIC
Processing SONIC: Start from 2026-09-11 to 2026-09-14
process in 0.12 second , Updated data for symbol: SONIC
Sleeping for 0.05 seconds to avoid hitting API rate limits.
Processing symbol: SORKON
Processing SORKON: Start from 2026-09-11 to 2026-09-14
process in 0.12 second , Updated data for symbol: SORKON
Sleeping for 0.05 seconds to avoid hitting API rate limits.
Processing symbol: SPA
Processing SPA: Start from 2026-09-11 to 2026-09-14
process in 0.11 second , Updated data for symbol: SPA
Sleeping for 0.05 seconds to avoid hitting API rate limits.
Processing symbol: SPACK
Processing SPACK: Start from 2026-09-11 to 2026-09-14
process in 0.13 second , Updated data for symbol: SPACK
Sleeping for 0.04 seconds to avoid hitting API rate limits.
Processing symbol: SPALI
Processing SPALI: Start from 2026-09-11 to 2026-09-14
process in 0.11 second , Updated data for symbol: SPALI
Sleeping for 0.05 seconds to avoid hitting API rate limits.
Processing symbol: SPC
Processing SPC: Start from 2026-09-11 to 2026-09-14
process in 0.13 second , Updated data for symbol: SPC
Sleeping for 0.04 seconds to avoid hitting API rate limits.
Processing symbol: SPCG
Processing SPCG: Start from 2026-09-11 to 2026-09-14
process in 0.14 second , Updated data for symbol: SPCG
Sleeping for 0.02 seconds to avoid hitting API rate limits.
Processing symbol: SPG
Processing SPG: Start from 2026-09-11 to 2026-09-14
process in 0.35 second , Updated data for symbol: SPG
Sleeping for -0.19 seconds to avoid hitting API rate limits.
Processing symbol: SPI
Processing SPI: Start from 2026-09-11 to 2026-09-14
process in 0.11 second , Updated data for symbol: SPI
Sleeping for 0.06 seconds to avoid hitting API rate limits.
Processing symbol: SPRC
Processing SPRC: Start from 2026-09-11 to 2026-09-14
process in 0.12 second , Updated data for symbol: SPRC
Sleeping for 0.05 seconds to avoid hitting API rate limits.
Processing symbol: SPREME
Processing SPREME: Start from 2026-09-11 to 2026-09-14
process in 0.11 second , Updated data for symbol: SPREME
Sleeping for 0.06 seconds to avoid hitting API rate limits.
Processing symbol: SPRIME
Processing SPRIME: Start from 2026-09-11 to 2026-09-14
process in 0.12 second , Updated data for symbol: SPRIME
Sleeping for 0.04 seconds to avoid hitting API rate limits.
Processing symbol: SPTX
Processing SPTX: Start from 2026-09-11 to 2026-09-14
process in 0.11 second , Updated data for symbol: SPTX
Sleeping for 0.05 seconds to avoid hitting API rate limits.
Processing symbol: SPVI
Processing SPVI: Start from 2026-09-11 to 2026-09-14
process in 0.13 second , Updated data for symbol: SPVI
Sleeping for 0.03 seconds to avoid hitting API rate limits.
Processing symbol: SQ
Processing SQ: Start from 2026-09-11 to 2026-09-14
process in 0.13 second , Updated data for symbol: SQ
Sleeping for 0.04 seconds to avoid hitting API rate limits.
Processing symbol: SR
Processing SR: Start from 2026-09-11 to 2026-09-14
process in 0.18 second , Updated data for symbol: SR
Sleeping for -0.02 seconds to avoid hitting API rate limits.
Processing symbol: SRICHA
Processing SRICHA: Start from 2026-09-11 to 2026-09-14
process in 0.13 second , Updated data for symbol: SRICHA
Sleeping for 0.04 seconds to avoid hitting API rate limits.
Processing symbol: SRIPANWA
Processing SRIPANWA: Start from 2026-09-11 to 2026-09-14
process in 0.14 second , Updated data for symbol: SRIPANWA
Sleeping for 0.03 seconds to avoid hitting API rate limits.
Processing symbol: SRS
Processing SRS: Start from 2026-09-11 to 2026-09-14
process in 0.11 second , Updated data for symbol: SRS
Sleeping for 0.06 seconds to avoid hitting API rate limits.
Processing symbol: SSF
Processing SSF: Start from 2026-09-11 to 2026-09-14
process in 0.11 second , Updated data for symbol: SSF
Sleeping for 0.06 seconds to avoid hitting API rate limits.
Processing symbol: SSP
Processing SSP: Start from 2026-09-11 to 2026-09-14
process in 0.11 second , Updated data for symbol: SSP
Sleeping for 0.06 seconds to avoid hitting API rate limits.
Processing symbol: SSPF
Processing SSPF: Start from 2026-09-11 to 2026-09-14
process in 0.12 second , Updated data for symbol: SSPF
Sleeping for 0.05 seconds to avoid hitting API rate limits.
Processing symbol: SSSC
Processing SSSC: Start from 2026-09-11 to 2026-09-14
process in 0.13 second , Updated data for symbol: SSSC
Sleeping for 0.03 seconds to avoid hitting API rate limits.
Processing symbol: SST
Processing SST: Start from 2026-09-11 to 2026-09-14
process in 0.14 second , Updated data for symbol: SST
Sleeping for 0.03 seconds to avoid hitting API rate limits.
Processing symbol: SSTRT
Processing SSTRT: Start from 2026-09-11 to 2026-09-14
process in 0.12 second , Updated data for symbol: SSTRT
Sleeping for 0.04 seconds to avoid hitting API rate limits.
Processing symbol: STA
Processing STA: Start from 2026-09-11 to 2026-09-14
process in 0.12 second , Updated data for symbol: STA
Sleeping for 0.05 seconds to avoid hitting API rate limits.
Processing symbol: STANLY
Processing STANLY: Start from 2026-09-11 to 2026-09-14
process in 0.11 second , Updated data for symbol: STANLY
Sleeping for 0.06 seconds to avoid hitting API rate limits.
Processing symbol: STARM
Processing STARM: Start from 2026-09-11 to 2026-09-14
process in 0.13 second , Updated data for symbol: STARM
Sleeping for 0.04 seconds to avoid hitting API rate limits.
Processing symbol: STC
Processing STC: Start from 2026-09-11 to 2026-09-14
process in 0.12 second , Updated data for symbol: STC
Sleeping for 0.04 seconds to avoid hitting API rate limits.
Processing symbol: STECH
Processing STECH: Start from 2026-09-11 to 2026-09-14
process in 0.12 second , Updated data for symbol: STECH
Sleeping for 0.05 seconds to avoid hitting API rate limits.
Processing symbol: STECON
Processing STECON: Start from 2026-09-11 to 2026-09-14
process in 0.11 second , Updated data for symbol: STECON
Sleeping for 0.05 seconds to avoid hitting API rate limits.
Processing symbol: STELLA
Processing STELLA: Start from 2026-09-11 to 2026-09-14
process in 0.13 second , Updated data for symbol: STELLA
Sleeping for 0.03 seconds to avoid hitting API rate limits.
Processing symbol: STGT
Processing STGT: Start from 2026-09-11 to 2026-09-14
process in 0.12 second , Updated data for symbol: STGT
Sleeping for 0.04 seconds to avoid hitting API rate limits.
Processing symbol: STI
Processing STI: Start from 2026-09-11 to 2026-09-14
process in 0.13 second , Updated data for symbol: STI
Sleeping for 0.03 seconds to avoid hitting API rate limits.
Processing symbol: STOWER
Processing STOWER: Start from 2026-09-11 to 2026-09-14
process in 0.13 second , Updated data for symbol: STOWER
Sleeping for 0.04 seconds to avoid hitting API rate limits.
Processing symbol: STP
Processing STP: Start from 2026-09-11 to 2026-09-14
process in 0.11 second , Updated data for symbol: STP
Sleeping for 0.05 seconds to avoid hitting API rate limits.
Processing symbol: STPI
Processing STPI: Start from 2026-09-11 to 2026-09-14
process in 0.14 second , Updated data for symbol: STPI
Sleeping for 0.02 seconds to avoid hitting API rate limits.
Processing symbol: STX
Processing STX: Start from 2026-09-11 to 2026-09-14
process in 0.35 second , Updated data for symbol: STX
Sleeping for -0.19 seconds to avoid hitting API rate limits.
Processing symbol: SUC
Processing SUC: Start from 2026-09-11 to 2026-09-14
process in 0.11 second , Updated data for symbol: SUC
Sleeping for 0.05 seconds to avoid hitting API rate limits.
Processing symbol: SUN
Processing SUN: Start from 2026-09-11 to 2026-09-14
process in 0.11 second , Updated data for symbol: SUN
Sleeping for 0.06 seconds to avoid hitting API rate limits.
Processing symbol: SUPER
Processing SUPER: Start from 2026-09-11 to 2026-09-14
process in 0.12 second , Updated data for symbol: SUPER
Sleeping for 0.05 seconds to avoid hitting API rate limits.
Processing symbol: SUPEREIF
Processing SUPEREIF: Start from 2026-09-11 to 2026-09-14
process in 0.11 second , Updated data for symbol: SUPEREIF
Sleeping for 0.05 seconds to avoid hitting API rate limits.
Processing symbol: SUSCO
Processing SUSCO: Start from 2026-09-11 to 2026-09-14
process in 0.11 second , Updated data for symbol: SUSCO
Sleeping for 0.06 seconds to avoid hitting API rate limits.
Processing symbol: SUTHA
Processing SUTHA: Start from 2026-09-11 to 2026-09-14
process in 0.11 second , Updated data for symbol: SUTHA
Sleeping for 0.05 seconds to avoid hitting API rate limits.
Processing symbol: SVOA
Processing SVOA: Start from 2026-09-11 to 2026-09-14
process in 0.11 second , Updated data for symbol: SVOA
Sleeping for 0.05 seconds to avoid hitting API rate limits.
Processing symbol: SVR
Processing SVR: Start from 2026-09-11 to 2026-09-14
process in 0.12 second , Updated data for symbol: SVR
Sleeping for 0.05 seconds to avoid hitting API rate limits.
Processing symbol: SVT
Processing SVT: Start from 2026-09-11 to 2026-09-14
process in 0.12 second , Updated data for symbol: SVT
Sleeping for 0.05 seconds to avoid hitting API rate limits.
Processing symbol: SWC
Processing SWC: Start from 2026-09-11 to 2026-09-14
process in 0.11 second , Updated data for symbol: SWC
Sleeping for 0.06 seconds to avoid hitting API rate limits.
Processing symbol: SYMC
Processing SYMC: Start from 2026-09-11 to 2026-09-14
process in 0.11 second , Updated data for symbol: SYMC
Sleeping for 0.05 seconds to avoid hitting API rate limits.
Processing symbol: SYNEX
Processing SYNEX: Start from 2026-09-11 to 2026-09-14
process in 0.13 second , Updated data for symbol: SYNEX
Sleeping for 0.04 seconds to avoid hitting API rate limits.
Processing symbol: SYNTEC
Processing SYNTEC: Start from 2026-09-11 to 2026-09-14
process in 0.12 second , Updated data for symbol: SYNTEC
Sleeping for 0.04 seconds to avoid hitting API rate limits.
Processing symbol: TACC
Processing TACC: Start from 2026-09-11 to 2026-09-14
process in 0.12 second , Updated data for symbol: TACC
Sleeping for 0.05 seconds to avoid hitting API rate limits.
Processing symbol: TAE
Processing TAE: Start from 2026-09-11 to 2026-09-14
process in 0.14 second , Updated data for symbol: TAE
Sleeping for 0.03 seconds to avoid hitting API rate limits.
Processing symbol: TAKUNI
Processing TAKUNI: Start from 2026-09-11 to 2026-09-14
process in 0.13 second , Updated data for symbol: TAKUNI
Sleeping for 0.04 seconds to avoid hitting API rate limits.
Processing symbol: TAN
Processing TAN: Start from 2026-09-11 to 2026-09-14
process in 0.12 second , Updated data for symbol: TAN
Sleeping for 0.05 seconds to avoid hitting API rate limits.
Processing symbol: TAPAC
Processing TAPAC: Start from 2024-05-02 to 2026-09-14
process in 0.12 second , Updated data for symbol: TAPAC
Sleeping for 0.04 seconds to avoid hitting API rate limits.
Processing symbol: TASCO
Processing TASCO: Start from 2026-09-11 to 2026-09-14
process in 0.13 second , Updated data for symbol: TASCO
Sleeping for 0.03 seconds to avoid hitting API rate limits.
Processing symbol: TATG
Processing TATG: Start from 2026-09-11 to 2026-09-14
process in 0.14 second , Updated data for symbol: TATG
Sleeping for 0.03 seconds to avoid hitting API rate limits.
Processing symbol: TBN
Processing TBN: Start from 2026-09-11 to 2026-09-14
process in 0.16 second , Updated data for symbol: TBN
Sleeping for 0.01 seconds to avoid hitting API rate limits.
Processing symbol: TBSP
Processing TBSP: Start from 2026-09-10 to 2026-09-14
process in 0.11 second , Updated data for symbol: TBSP
Sleeping for 0.06 seconds to avoid hitting API rate limits.
Processing symbol: TC
Processing TC: Start from 2026-09-11 to 2026-09-14
process in 0.13 second , Updated data for symbol: TC
Sleeping for 0.04 seconds to avoid hitting API rate limits.
Processing symbol: TCAP
Processing TCAP: Start from 2026-09-11 to 2026-09-14
process in 0.12 second , Updated data for symbol: TCAP
Sleeping for 0.05 seconds to avoid hitting API rate limits.
Processing symbol: TCC
Processing TCC: Start from 2026-09-11 to 2026-09-14
process in 0.12 second , Updated data for symbol: TCC
Sleeping for 0.05 seconds to avoid hitting API rate limits.
Processing symbol: TCJ
Processing TCJ: Start from 2026-09-11 to 2026-09-14
process in 0.12 second , Updated data for symbol: TCJ
Sleeping for 0.04 seconds to avoid hitting API rate limits.
Processing symbol: TCMC
Processing TCMC: Start from 2026-09-11 to 2026-09-14
process in 0.14 second , Updated data for symbol: TCMC
Sleeping for 0.03 seconds to avoid hitting API rate limits.
Processing symbol: TCOAT
Processing TCOAT: Start from 2026-09-09 to 2026-09-14
process in 0.15 second , Updated data for symbol: TCOAT
Sleeping for 0.01 seconds to avoid hitting API rate limits.
Processing symbol: TDEX
Processing TDEX: Start from 2026-09-11 to 2026-09-14
process in 0.14 second , Updated data for symbol: TDEX
Sleeping for 0.02 seconds to avoid hitting API rate limits.
Processing symbol: TEAM
Processing TEAM: Start from 2026-09-11 to 2026-09-14
process in 0.13 second , Updated data for symbol: TEAM
Sleeping for 0.03 seconds to avoid hitting API rate limits.
Processing symbol: TEAMG
Processing TEAMG: Start from 2026-09-11 to 2026-09-14
process in 0.13 second , Updated data for symbol: TEAMG
Sleeping for 0.03 seconds to avoid hitting API rate limits.
Processing symbol: TEGH
Processing TEGH: Start from 2026-09-11 to 2026-09-14
process in 0.12 second , Updated data for symbol: TEGH
Sleeping for 0.04 seconds to avoid hitting API rate limits.
Processing symbol: TEKA
Processing TEKA: Start from 2026-09-11 to 2026-09-14
process in 0.13 second , Updated data for symbol: TEKA
Sleeping for 0.04 seconds to avoid hitting API rate limits.
Processing symbol: TERA
Processing TERA: Start from 2026-09-11 to 2026-09-14
process in 0.12 second , Updated data for symbol: TERA
Sleeping for 0.05 seconds to avoid hitting API rate limits.
Processing symbol: TFFIF
Processing TFFIF: Start from 2026-09-11 to 2026-09-14
process in 0.12 second , Updated data for symbol: TFFIF
Sleeping for 0.04 seconds to avoid hitting API rate limits.
Processing symbol: TFG
Processing TFG: Start from 2026-09-11 to 2026-09-14
process in 0.11 second , Updated data for symbol: TFG
Sleeping for 0.05 seconds to avoid hitting API rate limits.
Processing symbol: TFI
Processing TFI: Start from 2026-09-11 to 2026-09-14
process in 0.12 second , Updated data for symbol: TFI
Sleeping for 0.05 seconds to avoid hitting API rate limits.
Processing symbol: TFM
Processing TFM: Start from 2026-09-11 to 2026-09-14
process in 0.12 second , Updated data for symbol: TFM
Sleeping for 0.05 seconds to avoid hitting API rate limits.
Processing symbol: TFMAMA
Processing TFMAMA: Start from 2026-09-11 to 2026-09-14
process in 0.12 second , Updated data for symbol: TFMAMA
Sleeping for 0.05 seconds to avoid hitting API rate limits.
Processing symbol: TGE
Processing TGE: Start from 2026-09-11 to 2026-09-14
process in 0.11 second , Updated data for symbol: TGE
Sleeping for 0.05 seconds to avoid hitting API rate limits.
Processing symbol: TGH
Processing TGH: Start from 2026-09-11 to 2026-09-14
process in 0.11 second , Updated data for symbol: TGH
Sleeping for 0.05 seconds to avoid hitting API rate limits.
Processing symbol: TGPRO
Processing TGPRO: Start from 2026-09-11 to 2026-09-14
process in 0.12 second , Updated data for symbol: TGPRO
Sleeping for 0.04 seconds to avoid hitting API rate limits.
Processing symbol: TH
Processing TH: Start from 2026-09-11 to 2026-09-14
process in 0.12 second , Updated data for symbol: TH
Sleeping for 0.04 seconds to avoid hitting API rate limits.
Processing symbol: THAI
Processing THAI: Start from 2026-09-11 to 2026-09-14
process in 0.12 second , Updated data for symbol: THAI
Sleeping for 0.05 seconds to avoid hitting API rate limits.
Processing symbol: THANA
Processing THANA: Start from 2026-09-11 to 2026-09-14
process in 0.12 second , Updated data for symbol: THANA
Sleeping for 0.05 seconds to avoid hitting API rate limits.
Processing symbol: THANI
Processing THANI: Start from 2026-09-11 to 2026-09-14
process in 0.10 second , Updated data for symbol: THANI
Sleeping for 0.07 seconds to avoid hitting API rate limits.
Processing symbol: THCOM
Processing THCOM: Start from 2026-09-11 to 2026-09-14
process in 0.11 second , Updated data for symbol: THCOM
Sleeping for 0.06 seconds to avoid hitting API rate limits.
Processing symbol: THE
Processing THE: Start from 2026-09-11 to 2026-09-14
process in 0.12 second , Updated data for symbol: THE
Sleeping for 0.05 seconds to avoid hitting API rate limits.
Processing symbol: THG
Processing THG: Start from 2026-09-11 to 2026-09-14
process in 0.11 second , Updated data for symbol: THG
Sleeping for 0.06 seconds to avoid hitting API rate limits.
Processing symbol: THIP
Processing THIP: Start from 2026-09-11 to 2026-09-14
process in 0.11 second , Updated data for symbol: THIP
Sleeping for 0.05 seconds to avoid hitting API rate limits.
Processing symbol: THMUI
Processing THMUI: Start from 2026-09-11 to 2026-09-14
process in 0.11 second , Updated data for symbol: THMUI
Sleeping for 0.06 seconds to avoid hitting API rate limits.
Processing symbol: THRE
Processing THRE: Start from 2026-09-11 to 2026-09-14
process in 0.11 second , Updated data for symbol: THRE
Sleeping for 0.05 seconds to avoid hitting API rate limits.
Processing symbol: THREL
Processing THREL: Start from 2026-09-11 to 2026-09-14
process in 0.12 second , Updated data for symbol: THREL
Sleeping for 0.05 seconds to avoid hitting API rate limits.
Processing symbol: TIDLOR
Processing TIDLOR: Start from 2026-09-11 to 2026-09-14
process in 0.12 second , Updated data for symbol: TIDLOR
Sleeping for 0.05 seconds to avoid hitting API rate limits.
Processing symbol: TIF1
Processing TIF1: Start from 2026-09-11 to 2026-09-14
process in 0.11 second , Updated data for symbol: TIF1
Sleeping for 0.06 seconds to avoid hitting API rate limits.
Processing symbol: TIGER
Processing TIGER: Start from 2026-09-11 to 2026-09-14
process in 0.12 second , Updated data for symbol: TIGER
Sleeping for 0.05 seconds to avoid hitting API rate limits.
Processing symbol: TIPCO
Processing TIPCO: Start from 2026-09-11 to 2026-09-14
process in 0.12 second , Updated data for symbol: TIPCO
Sleeping for 0.04 seconds to avoid hitting API rate limits.
Processing symbol: TIPH
Processing TIPH: Start from 2026-09-11 to 2026-09-14
process in 0.12 second , Updated data for symbol: TIPH
Sleeping for 0.05 seconds to avoid hitting API rate limits.
Processing symbol: TISCO
Processing TISCO: Start from 2026-09-11 to 2026-09-14
process in 0.12 second , Updated data for symbol: TISCO
Sleeping for 0.04 seconds to avoid hitting API rate limits.
Processing symbol: TITLE
Processing TITLE: Start from 2026-09-11 to 2026-09-14
process in 0.10 second , Updated data for symbol: TITLE
Sleeping for 0.06 seconds to avoid hitting API rate limits.
Processing symbol: TK
Processing TK: Start from 2026-09-11 to 2026-09-14
process in 0.38 second , Updated data for symbol: TK
Sleeping for -0.21 seconds to avoid hitting API rate limits.
Processing symbol: TKC
Processing TKC: Start from 2026-09-11 to 2026-09-14
process in 0.12 second , Updated data for symbol: TKC
Sleeping for 0.05 seconds to avoid hitting API rate limits.
Processing symbol: TKN
Processing TKN: Start from 2026-09-11 to 2026-09-14
process in 0.13 second , Updated data for symbol: TKN
Sleeping for 0.04 seconds to avoid hitting API rate limits.
Processing symbol: TKS
Processing TKS: Start from 2026-09-11 to 2026-09-14
process in 0.12 second , Updated data for symbol: TKS
Sleeping for 0.04 seconds to avoid hitting API rate limits.
Processing symbol: TKT
Processing TKT: Start from 2026-09-11 to 2026-09-14
process in 0.12 second , Updated data for symbol: TKT
Sleeping for 0.05 seconds to avoid hitting API rate limits.
Processing symbol: TL
Processing TL: Start from 2026-09-11 to 2026-09-14
process in 0.11 second , Updated data for symbol: TL
Sleeping for 0.06 seconds to avoid hitting API rate limits.
Processing symbol: TLHPF
Processing TLHPF: Start from 2026-09-11 to 2026-09-14
process in 0.11 second , Updated data for symbol: TLHPF
Sleeping for 0.06 seconds to avoid hitting API rate limits.
Processing symbol: TLI
Processing TLI: Start from 2026-09-11 to 2026-09-14
process in 0.17 second , Updated data for symbol: TLI
Sleeping for -0.01 seconds to avoid hitting API rate limits.
Processing symbol: TM
Processing TM: Start from 2026-09-11 to 2026-09-14
process in 0.12 second , Updated data for symbol: TM
Sleeping for 0.04 seconds to avoid hitting API rate limits.
Processing symbol: TMAN
Processing TMAN: Start from 2026-09-11 to 2026-09-14
process in 0.13 second , Updated data for symbol: TMAN
Sleeping for 0.03 seconds to avoid hitting API rate limits.
Processing symbol: TMC
Processing TMC: Start from 2026-09-11 to 2026-09-14
process in 0.13 second , Updated data for symbol: TMC
Sleeping for 0.03 seconds to avoid hitting API rate limits.
Processing symbol: TMD
Processing TMD: Start from 2026-09-11 to 2026-09-14
process in 0.12 second , Updated data for symbol: TMD
Sleeping for 0.05 seconds to avoid hitting API rate limits.
Processing symbol: TMI
Processing TMI: Start from 2026-09-11 to 2026-09-14
process in 0.15 second , Updated data for symbol: TMI
Sleeping for 0.01 seconds to avoid hitting API rate limits.
Processing symbol: TMILL
Processing TMILL: Start from 2026-09-11 to 2026-09-14
process in 0.10 second , Updated data for symbol: TMILL
Sleeping for 0.06 seconds to avoid hitting API rate limits.
Processing symbol: TMT
Processing TMT: Start from 2026-09-11 to 2026-09-14
process in 0.12 second , Updated data for symbol: TMT
Sleeping for 0.05 seconds to avoid hitting API rate limits.
Processing symbol: TMW
Processing TMW: Start from 2026-09-11 to 2026-09-14
process in 0.12 second , Updated data for symbol: TMW
Sleeping for 0.05 seconds to avoid hitting API rate limits.
Processing symbol: TNDT
Processing TNDT: Start from 2026-09-11 to 2026-09-14
process in 0.11 second , Updated data for symbol: TNDT
Sleeping for 0.05 seconds to avoid hitting API rate limits.
Processing symbol: TNH
Processing TNH: Start from 2026-09-11 to 2026-09-14
process in 0.12 second , Updated data for symbol: TNH
Sleeping for 0.05 seconds to avoid hitting API rate limits.
Processing symbol: TNITY
Processing TNITY: Start from 2026-09-11 to 2026-09-14
process in 0.11 second , Updated data for symbol: TNITY
Sleeping for 0.05 seconds to avoid hitting API rate limits.
Processing symbol: TNL
Processing TNL: Start from 2026-09-09 to 2026-09-14
process in 0.11 second , Updated data for symbol: TNL
Sleeping for 0.06 seconds to avoid hitting API rate limits.
Processing symbol: TNP
Processing TNP: Start from 2026-09-11 to 2026-09-14
process in 0.11 second , Updated data for symbol: TNP
Sleeping for 0.06 seconds to avoid hitting API rate limits.
Processing symbol: TNPC
Processing TNPC: Start from 2026-09-11 to 2026-09-14
process in 0.11 second , Updated data for symbol: TNPC
Sleeping for 0.05 seconds to avoid hitting API rate limits.
Processing symbol: TNPF
Processing TNPF: Start from 2026-09-11 to 2026-09-14
process in 0.12 second , Updated data for symbol: TNPF
Sleeping for 0.05 seconds to avoid hitting API rate limits.
Processing symbol: TNR
Processing TNR: Start from 2026-09-11 to 2026-09-14
process in 0.12 second , Updated data for symbol: TNR
Sleeping for 0.05 seconds to avoid hitting API rate limits.
Processing symbol: TOA
Processing TOA: Start from 2026-09-11 to 2026-09-14
process in 0.11 second , Updated data for symbol: TOA
Sleeping for 0.05 seconds to avoid hitting API rate limits.
Processing symbol: TOG
Processing TOG: Start from 2026-09-11 to 2026-09-14
process in 0.11 second , Updated data for symbol: TOG
Sleeping for 0.05 seconds to avoid hitting API rate limits.
Processing symbol: TOP
Processing TOP: Start from 2026-09-11 to 2026-09-14
process in 0.11 second , Updated data for symbol: TOP
Sleeping for 0.06 seconds to avoid hitting API rate limits.
Processing symbol: TOPP
Processing TOPP: Start from 2026-09-09 to 2026-09-14
process in 0.13 second , Updated data for symbol: TOPP
Sleeping for 0.03 seconds to avoid hitting API rate limits.
Processing symbol: TPA
Processing TPA: Start from 2026-09-10 to 2026-09-14
process in 0.12 second , Updated data for symbol: TPA
Sleeping for 0.05 seconds to avoid hitting API rate limits.
Processing symbol: TPAC
Processing TPAC: Start from 2026-09-11 to 2026-09-14
process in 0.11 second , Updated data for symbol: TPAC
Sleeping for 0.06 seconds to avoid hitting API rate limits.
Processing symbol: TPBI
Processing TPBI: Start from 2026-09-11 to 2026-09-14
process in 0.14 second , Updated data for symbol: TPBI
Sleeping for 0.03 seconds to avoid hitting API rate limits.
Processing symbol: TPCH
Processing TPCH: Start from 2026-09-11 to 2026-09-14
process in 0.11 second , Updated data for symbol: TPCH
Sleeping for 0.05 seconds to avoid hitting API rate limits.
Processing symbol: TPCS
Processing TPCS: Start from 2026-09-11 to 2026-09-14
process in 0.10 second , Updated data for symbol: TPCS
Sleeping for 0.06 seconds to avoid hitting API rate limits.
Processing symbol: TPIPL
Processing TPIPL: Start from 2026-09-11 to 2026-09-14
process in 0.11 second , Updated data for symbol: TPIPL
Sleeping for 0.05 seconds to avoid hitting API rate limits.
Processing symbol: TPIPP
Processing TPIPP: Start from 2026-09-11 to 2026-09-14
process in 0.12 second , Updated data for symbol: TPIPP
Sleeping for 0.05 seconds to avoid hitting API rate limits.
Processing symbol: TPL
Processing TPL: Start from 2026-09-11 to 2026-09-14
process in 0.12 second , Updated data for symbol: TPL
Sleeping for 0.04 seconds to avoid hitting API rate limits.
Processing symbol: TPLAS
Processing TPLAS: Start from 2026-09-11 to 2026-09-14
process in 0.20 second , Updated data for symbol: TPLAS
Sleeping for -0.04 seconds to avoid hitting API rate limits.
Processing symbol: TPOLY
Processing TPOLY: Start from 2026-09-11 to 2026-09-14
process in 0.11 second , Updated data for symbol: TPOLY
Sleeping for 0.05 seconds to avoid hitting API rate limits.
Processing symbol: TPP
Processing TPP: Start from 2026-09-11 to 2026-09-14
process in 0.11 second , Updated data for symbol: TPP
Sleeping for 0.05 seconds to avoid hitting API rate limits.
Processing symbol: TPRIME
Processing TPRIME: Start from 2026-09-11 to 2026-09-14
process in 0.13 second , Updated data for symbol: TPRIME
Sleeping for 0.04 seconds to avoid hitting API rate limits.
Processing symbol: TPS
Processing TPS: Start from 2026-09-11 to 2026-09-14
process in 0.12 second , Updated data for symbol: TPS
Sleeping for 0.05 seconds to avoid hitting API rate limits.
Processing symbol: TQM
Processing TQM: Start from 2026-09-11 to 2026-09-14
process in 0.11 second , Updated data for symbol: TQM
Sleeping for 0.06 seconds to avoid hitting API rate limits.
Processing symbol: TQR
Processing TQR: Start from 2026-09-11 to 2026-09-14
process in 0.11 second , Updated data for symbol: TQR
Sleeping for 0.06 seconds to avoid hitting API rate limits.
Processing symbol: TR
Processing TR: Start from 2025-09-02 to 2026-09-14
process in 0.12 second , Updated data for symbol: TR
Sleeping for 0.05 seconds to avoid hitting API rate limits.
Processing symbol: TRC
Processing TRC: Start from 2026-09-11 to 2026-09-14
process in 0.12 second , Updated data for symbol: TRC
Sleeping for 0.05 seconds to avoid hitting API rate limits.
Processing symbol: TRITN
Processing TRITN: Start from 2026-09-11 to 2026-09-14
process in 0.11 second , Updated data for symbol: TRITN
Sleeping for 0.06 seconds to avoid hitting API rate limits.
Processing symbol: TRP
Processing TRP: Start from 2026-09-11 to 2026-09-14
process in 0.12 second , Updated data for symbol: TRP
Sleeping for 0.05 seconds to avoid hitting API rate limits.
Processing symbol: TRT
Processing TRT: Start from 2026-09-11 to 2026-09-14
process in 0.15 second , Updated data for symbol: TRT
Sleeping for 0.01 seconds to avoid hitting API rate limits.
Processing symbol: TRU
Processing TRU: Start from 2026-09-11 to 2026-09-14
process in 0.12 second , Updated data for symbol: TRU
Sleeping for 0.04 seconds to avoid hitting API rate limits.
Processing symbol: TRUBB
Processing TRUBB: Start from 2026-09-11 to 2026-09-14
process in 0.11 second , Updated data for symbol: TRUBB
Sleeping for 0.06 seconds to avoid hitting API rate limits.
Processing symbol: TRUE
Processing TRUE: Start from 2026-09-11 to 2026-09-14
process in 0.12 second , Updated data for symbol: TRUE
Sleeping for 0.05 seconds to avoid hitting API rate limits.
Processing symbol: TRV
Processing TRV: Start from 2026-09-11 to 2026-09-14
process in 0.11 second , Updated data for symbol: TRV
Sleeping for 0.05 seconds to avoid hitting API rate limits.
Processing symbol: TSC
Processing TSC: Start from 2026-09-11 to 2026-09-14
process in 0.12 second , Updated data for symbol: TSC
Sleeping for 0.05 seconds to avoid hitting API rate limits.
Processing symbol: TSE
Processing TSE: Start from 2026-09-11 to 2026-09-14
process in 0.12 second , Updated data for symbol: TSE
Sleeping for 0.05 seconds to avoid hitting API rate limits.
Processing symbol: TSI
Processing TSI: Start from 2026-09-11 to 2026-09-14
process in 0.12 second , Updated data for symbol: TSI
Sleeping for 0.05 seconds to avoid hitting API rate limits.
Processing symbol: TSR
Processing TSR: Start from 2026-05-20 to 2026-09-14
process in 0.12 second , Updated data for symbol: TSR
Sleeping for 0.05 seconds to avoid hitting API rate limits.
Processing symbol: TSTE
Processing TSTE: Start from 2026-09-11 to 2026-09-14
process in 0.12 second , Updated data for symbol: TSTE
Sleeping for 0.04 seconds to avoid hitting API rate limits.
Processing symbol: TSTH
Processing TSTH: Start from 2026-09-11 to 2026-09-14
process in 0.11 second , Updated data for symbol: TSTH
Sleeping for 0.06 seconds to avoid hitting API rate limits.
Processing symbol: TTA
Processing TTA: Start from 2026-09-11 to 2026-09-14
process in 0.11 second , Updated data for symbol: TTA
Sleeping for 0.06 seconds to avoid hitting API rate limits.
Processing symbol: TTB
Processing TTB: Start from 2026-09-11 to 2026-09-14
process in 0.11 second , Updated data for symbol: TTB
Sleeping for 0.05 seconds to avoid hitting API rate limits.
Processing symbol: TTCL
Processing TTCL: Start from 2026-05-20 to 2026-09-14
process in 0.11 second , Updated data for symbol: TTCL
Sleeping for 0.05 seconds to avoid hitting API rate limits.
Processing symbol: TTI
Processing TTI: Start from 2026-09-11 to 2026-09-14
process in 0.12 second , Updated data for symbol: TTI
Sleeping for 0.05 seconds to avoid hitting API rate limits.
Processing symbol: TTLPF
Processing TTLPF: Start from 2026-09-11 to 2026-09-14
process in 0.12 second , Updated data for symbol: TTLPF
Sleeping for 0.05 seconds to avoid hitting API rate limits.
Processing symbol: TTT
Processing TTT: Start from 2026-09-11 to 2026-09-14
process in 0.13 second , Updated data for symbol: TTT
Sleeping for 0.04 seconds to avoid hitting API rate limits.
Processing symbol: TTW
Processing TTW: Start from 2026-09-11 to 2026-09-14
process in 0.11 second , Updated data for symbol: TTW
Sleeping for 0.06 seconds to avoid hitting API rate limits.
Processing symbol: TU
Processing TU: Start from 2026-09-11 to 2026-09-14
process in 0.15 second , Updated data for symbol: TU
Sleeping for 0.02 seconds to avoid hitting API rate limits.
Processing symbol: TU-PF
Processing TU-PF: Start from 2026-09-09 to 2026-09-14
process in 0.13 second , Updated data for symbol: TU-PF
Sleeping for 0.04 seconds to avoid hitting API rate limits.
Processing symbol: TURBO
Processing TURBO: Start from 2026-09-11 to 2026-09-14
process in 0.12 second , Updated data for symbol: TURBO
Sleeping for 0.04 seconds to avoid hitting API rate limits.
Processing symbol: TURTLE
Processing TURTLE: Start from 2026-09-09 to 2026-09-14
process in 0.11 second , Updated data for symbol: TURTLE
Sleeping for 0.06 seconds to avoid hitting API rate limits.
Processing symbol: TVDH
Processing TVDH: Start from 2026-09-11 to 2026-09-14
process in 0.12 second , Updated data for symbol: TVDH
Sleeping for 0.05 seconds to avoid hitting API rate limits.
Processing symbol: TVH
Processing TVH: Start from 2026-09-11 to 2026-09-14
process in 0.11 second , Updated data for symbol: TVH
Sleeping for 0.05 seconds to avoid hitting API rate limits.
Processing symbol: TVO
Processing TVO: Start from 2026-09-11 to 2026-09-14
process in 0.11 second , Updated data for symbol: TVO
Sleeping for 0.05 seconds to avoid hitting API rate limits.
Processing symbol: TVT
Processing TVT: Start from 2026-09-11 to 2026-09-14
process in 0.12 second , Updated data for symbol: TVT
Sleeping for 0.05 seconds to avoid hitting API rate limits.
Processing symbol: TWP
Processing TWP: Start from 2026-09-11 to 2026-09-14
process in 0.14 second , Updated data for symbol: TWP
Sleeping for 0.03 seconds to avoid hitting API rate limits.
Processing symbol: TWPC
Processing TWPC: Start from 2026-09-11 to 2026-09-14
process in 0.12 second , Updated data for symbol: TWPC
Sleeping for 0.05 seconds to avoid hitting API rate limits.
Processing symbol: TWZ
Processing TWZ: Start from 2026-09-11 to 2026-09-14
process in 0.12 second , Updated data for symbol: TWZ
Sleeping for 0.05 seconds to avoid hitting API rate limits.
Processing symbol: TYCN
Processing TYCN: Start from 2026-09-10 to 2026-09-14
process in 0.12 second , Updated data for symbol: TYCN
Sleeping for 0.05 seconds to avoid hitting API rate limits.
Processing symbol: UAC
Processing UAC: Start from 2026-09-11 to 2026-09-14
process in 0.36 second , Updated data for symbol: UAC
Sleeping for -0.19 seconds to avoid hitting API rate limits.
Processing symbol: UBA
Processing UBA: Start from 2026-09-11 to 2026-09-14
process in 0.17 second , Updated data for symbol: UBA
Sleeping for -0.00 seconds to avoid hitting API rate limits.
Processing symbol: UBE
Processing UBE: Start from 2026-09-11 to 2026-09-14
process in 0.12 second , Updated data for symbol: UBE
Sleeping for 0.05 seconds to avoid hitting API rate limits.
Processing symbol: UBIS
Processing UBIS: Start from 2026-09-11 to 2026-09-14
process in 0.12 second , Updated data for symbol: UBIS
Sleeping for 0.05 seconds to avoid hitting API rate limits.
Processing symbol: UBOT
Processing UBOT: Start from 2026-09-10 to 2026-09-14
process in 0.13 second , Updated data for symbol: UBOT
Sleeping for 0.04 seconds to avoid hitting API rate limits.
Processing symbol: UEC
Processing UEC: Start from 2026-09-11 to 2026-09-14
process in 0.12 second , Updated data for symbol: UEC
Sleeping for 0.05 seconds to avoid hitting API rate limits.
Processing symbol: UHERO
Processing UHERO: Start from 2026-09-07 to 2026-09-14
process in 0.12 second , Updated data for symbol: UHERO
Sleeping for 0.04 seconds to avoid hitting API rate limits.
Processing symbol: UKEM
Processing UKEM: Start from 2026-09-11 to 2026-09-14
process in 0.12 second , Updated data for symbol: UKEM
Sleeping for 0.04 seconds to avoid hitting API rate limits.
Processing symbol: UMI
Processing UMI: Start from 2026-09-11 to 2026-09-14
process in 0.13 second , Updated data for symbol: UMI
Sleeping for 0.04 seconds to avoid hitting API rate limits.
Processing symbol: UMS
Processing UMS: Start from 2026-09-11 to 2026-09-14
process in 0.11 second , Updated data for symbol: UMS
Sleeping for 0.06 seconds to avoid hitting API rate limits.
Processing symbol: UNIQ
Processing UNIQ: Start from 2026-09-11 to 2026-09-14
process in 0.11 second , Updated data for symbol: UNIQ
Sleeping for 0.06 seconds to avoid hitting API rate limits.
Processing symbol: UNIX
Processing UNIX: Start from 2026-09-11 to 2026-09-14
process in 0.12 second , Updated data for symbol: UNIX
Sleeping for 0.05 seconds to avoid hitting API rate limits.
Processing symbol: UP
Processing UP: Start from 2026-09-11 to 2026-09-14
process in 0.12 second , Updated data for symbol: UP
Sleeping for 0.05 seconds to avoid hitting API rate limits.
Processing symbol: UPF
Processing UPF: Start from 2026-09-10 to 2026-09-14
process in 0.13 second , Updated data for symbol: UPF
Sleeping for 0.04 seconds to avoid hitting API rate limits.
Processing symbol: UPOIC
Processing UPOIC: Start from 2026-09-11 to 2026-09-14
process in 0.13 second , Updated data for symbol: UPOIC
Sleeping for 0.04 seconds to avoid hitting API rate limits.
Processing symbol: UREKA
Processing UREKA: Start from 2026-09-11 to 2026-09-14
process in 0.11 second , Updated data for symbol: UREKA
Sleeping for 0.06 seconds to avoid hitting API rate limits.
Processing symbol: UTP
Processing UTP: Start from 2026-09-11 to 2026-09-14
process in 0.12 second , Updated data for symbol: UTP
Sleeping for 0.05 seconds to avoid hitting API rate limits.
Processing symbol: UV
Processing UV: Start from 2026-09-11 to 2026-09-14
process in 0.12 second , Updated data for symbol: UV
Sleeping for 0.05 seconds to avoid hitting API rate limits.
Processing symbol: UVAN
Processing UVAN: Start from 2026-09-11 to 2026-09-14
process in 0.11 second , Updated data for symbol: UVAN
Sleeping for 0.06 seconds to avoid hitting API rate limits.
Processing symbol: VARO
Processing VARO: Start from 2026-09-11 to 2026-09-14
process in 0.13 second , Updated data for symbol: VARO
Sleeping for 0.04 seconds to avoid hitting API rate limits.
Processing symbol: VCOM
Processing VCOM: Start from 2026-09-11 to 2026-09-14
process in 0.13 second , Updated data for symbol: VCOM
Sleeping for 0.04 seconds to avoid hitting API rate limits.
Processing symbol: VGI
Processing VGI: Start from 2026-09-11 to 2026-09-14
process in 0.13 second , Updated data for symbol: VGI
Sleeping for 0.04 seconds to avoid hitting API rate limits.
Processing symbol: VIBE
Processing VIBE: Start from 2026-09-11 to 2026-09-14
process in 0.11 second , Updated data for symbol: VIBE
Sleeping for 0.06 seconds to avoid hitting API rate limits.
Processing symbol: VIBHA
Processing VIBHA: Start from 2026-09-11 to 2026-09-14
process in 0.11 second , Updated data for symbol: VIBHA
Sleeping for 0.05 seconds to avoid hitting API rate limits.
Processing symbol: VIH
Processing VIH: Start from 2026-09-11 to 2026-09-14
process in 0.15 second , Updated data for symbol: VIH
Sleeping for 0.02 seconds to avoid hitting API rate limits.
Processing symbol: VL
Processing VL: Start from 2026-09-11 to 2026-09-14
process in 0.13 second , Updated data for symbol: VL
Sleeping for 0.03 seconds to avoid hitting API rate limits.
Processing symbol: VNG
Processing VNG: Start from 2026-09-11 to 2026-09-14
process in 0.12 second , Updated data for symbol: VNG
Sleeping for 0.05 seconds to avoid hitting API rate limits.
Processing symbol: VPO
Processing VPO: Start from 2026-09-11 to 2026-09-14
process in 0.12 second , Updated data for symbol: VPO
Sleeping for 0.05 seconds to avoid hitting API rate limits.
Processing symbol: VRANDA
Processing VRANDA: Start from 2026-09-11 to 2026-09-14
process in 0.11 second , Updated data for symbol: VRANDA
Sleeping for 0.05 seconds to avoid hitting API rate limits.
Processing symbol: VS
Processing VS: Start from 2026-09-11 to 2026-09-14
process in 0.11 second , Updated data for symbol: VS
Sleeping for 0.05 seconds to avoid hitting API rate limits.
Processing symbol: WACOAL
Processing WACOAL: Start from 2026-09-11 to 2026-09-14
process in 0.14 second , Updated data for symbol: WACOAL
Sleeping for 0.02 seconds to avoid hitting API rate limits.
Processing symbol: WARRIX
Processing WARRIX: Start from 2026-09-11 to 2026-09-14
process in 0.12 second , Updated data for symbol: WARRIX
Sleeping for 0.05 seconds to avoid hitting API rate limits.
Processing symbol: WASH
Processing WASH: Start from 2026-09-11 to 2026-09-14
process in 0.11 second , Updated data for symbol: WASH
Sleeping for 0.06 seconds to avoid hitting API rate limits.
Processing symbol: WAVE
Processing WAVE: Start from 2026-09-11 to 2026-09-14
process in 0.11 second , Updated data for symbol: WAVE
Sleeping for 0.06 seconds to avoid hitting API rate limits.
Processing symbol: WELL
Processing WELL: Start from 2025-09-14 to 2026-09-14
process in 0.09 second , Updated data for symbol: WELL
Sleeping for 0.07 seconds to avoid hitting API rate limits.
Processing symbol: WFX
Processing WFX: Start from 2026-09-11 to 2026-09-14
process in 0.12 second , Updated data for symbol: WFX
Sleeping for 0.05 seconds to avoid hitting API rate limits.
Processing symbol: WGE
Processing WGE: Start from 2026-09-11 to 2026-09-14
process in 0.13 second , Updated data for symbol: WGE
Sleeping for 0.03 seconds to avoid hitting API rate limits.
Processing symbol: WHA
Processing WHA: Start from 2026-09-11 to 2026-09-14
process in 0.14 second , Updated data for symbol: WHA
Sleeping for 0.03 seconds to avoid hitting API rate limits.
Processing symbol: WHABT
Processing WHABT: Start from 2026-09-11 to 2026-09-14
process in 0.11 second , Updated data for symbol: WHABT
Sleeping for 0.06 seconds to avoid hitting API rate limits.
Processing symbol: WHAIR
Processing WHAIR: Start from 2026-09-11 to 2026-09-14
process in 0.11 second , Updated data for symbol: WHAIR
Sleeping for 0.06 seconds to avoid hitting API rate limits.
Processing symbol: WHART
Processing WHART: Start from 2026-09-11 to 2026-09-14
process in 0.11 second , Updated data for symbol: WHART
Sleeping for 0.06 seconds to avoid hitting API rate limits.
Processing symbol: WHAUP
Processing WHAUP: Start from 2026-09-11 to 2026-09-14
process in 0.12 second , Updated data for symbol: WHAUP
Sleeping for 0.05 seconds to avoid hitting API rate limits.
Processing symbol: WICE
Processing WICE: Start from 2026-09-11 to 2026-09-14
process in 0.12 second , Updated data for symbol: WICE
Sleeping for 0.05 seconds to avoid hitting API rate limits.
Processing symbol: WIIK
Processing WIIK: Start from 2026-09-11 to 2026-09-14
process in 0.14 second , Updated data for symbol: WIIK
Sleeping for 0.03 seconds to avoid hitting API rate limits.
Processing symbol: WIN
Processing WIN: Start from 2026-09-11 to 2026-09-14
process in 0.11 second , Updated data for symbol: WIN
Sleeping for 0.05 seconds to avoid hitting API rate limits.
Processing symbol: WINDOW
Processing WINDOW: Start from 2026-09-11 to 2026-09-14
process in 0.11 second , Updated data for symbol: WINDOW
Sleeping for 0.06 seconds to avoid hitting API rate limits.
Processing symbol: WINMED
Processing WINMED: Start from 2026-09-11 to 2026-09-14
process in 0.11 second , Updated data for symbol: WINMED
Sleeping for 0.05 seconds to avoid hitting API rate limits.
Processing symbol: WINNER
Processing WINNER: Start from 2026-09-11 to 2026-09-14
process in 0.11 second , Updated data for symbol: WINNER
Sleeping for 0.06 seconds to avoid hitting API rate limits.
Processing symbol: WORK
Processing WORK: Start from 2026-09-11 to 2026-09-14
process in 0.12 second , Updated data for symbol: WORK
Sleeping for 0.05 seconds to avoid hitting API rate limits.
Processing symbol: WP
Processing WP: Start from 2026-09-11 to 2026-09-14
process in 0.11 second , Updated data for symbol: WP
Sleeping for 0.05 seconds to avoid hitting API rate limits.
Processing symbol: WPH
Processing WPH: Start from 2026-09-11 to 2026-09-14
process in 0.12 second , Updated data for symbol: WPH
Sleeping for 0.05 seconds to avoid hitting API rate limits.
Processing symbol: WSOL
Processing WSOL: Start from 2026-05-25 to 2026-09-14
process in 0.11 second , Updated data for symbol: WSOL
Sleeping for 0.06 seconds to avoid hitting API rate limits.
Processing symbol: XBIO
Processing XBIO: Start from 2026-09-11 to 2026-09-14
process in 0.11 second , Updated data for symbol: XBIO
Sleeping for 0.06 seconds to avoid hitting API rate limits.
Processing symbol: XO
Processing XO: Start from 2026-09-11 to 2026-09-14
process in 0.11 second , Updated data for symbol: XO
Sleeping for 0.06 seconds to avoid hitting API rate limits.
Processing symbol: XPG
Processing XPG: Start from 2026-09-11 to 2026-09-14
process in 0.12 second , Updated data for symbol: XPG
Sleeping for 0.04 seconds to avoid hitting API rate limits.
Processing symbol: XYZ
Processing XYZ: Start from 2026-09-11 to 2026-09-14
process in 0.11 second , Updated data for symbol: XYZ
Sleeping for 0.06 seconds to avoid hitting API rate limits.
Processing symbol: YGG
Processing YGG: Start from 2026-09-11 to 2026-09-14
process in 0.12 second , Updated data for symbol: YGG
Sleeping for 0.05 seconds to avoid hitting API rate limits.
Processing symbol: YONG
Processing YONG: Start from 2026-09-11 to 2026-09-14
process in 0.12 second , Updated data for symbol: YONG
Sleeping for 0.05 seconds to avoid hitting API rate limits.
Processing symbol: YUASA
Processing YUASA: Start from 2026-09-11 to 2026-09-14
process in 0.11 second , Updated data for symbol: YUASA
Sleeping for 0.06 seconds to avoid hitting API rate limits.
Processing symbol: ZAA
Processing ZAA: Start from 2026-09-11 to 2026-09-14
process in 0.12 second , Updated data for symbol: ZAA
Sleeping for 0.05 seconds to avoid hitting API rate limits.
Processing symbol: ZEN
Processing ZEN: Start from 2026-09-11 to 2026-09-14
process in 0.11 second , Updated data for symbol: ZEN
Sleeping for 0.05 seconds to avoid hitting API rate limits.
Processing symbol: ZIGA
Processing ZIGA: Start from 2026-09-11 to 2026-09-14
process in 0.12 second , Updated data for symbol: ZIGA
Sleeping for 0.05 seconds to avoid hitting API rate limits.
Stock price update completed.
📆 start from 2024-09-14
C:\drv_D\GitRepo\thai-stock-screener\indicators\compute_indicators_v5.py:79: UserWarning: pandas only supports SQLAlchemy connectable (engine/connection) or database string URI or sqlite3 DBAPI2 connection. Other DBAPI2 objects are not tested. Please consider using SQLAlchemy.
  return pd.read_sql(q, conn, params=(start_date, symbols))
C:\drv_D\GitRepo\thai-stock-screener\indicators\compute_indicators_v5.py:88: UserWarning: pandas only supports SQLAlchemy connectable (engine/connection) or database string URI or sqlite3 DBAPI2 connection. Other DBAPI2 objects are not tested. Please consider using SQLAlchemy.
  return pd.read_sql(q, conn, params=(start_date, symbols))
Compute v5:   0%|          | 0/944 [00:00<?, ?it/s]Compute v5:   0%|          | 1/944 [00:00<02:20,  6.69it/s]Compute v5:   0%|          | 3/944 [00:00<01:23, 11.28it/s]Compute v5:   1%|          | 5/944 [00:00<01:18, 11.98it/s]Compute v5:   1%|          | 7/944 [00:00<01:15, 12.38it/s]Compute v5:   1%|          | 9/944 [00:00<01:17, 12.12it/s]Compute v5:   1%|          | 11/944 [00:00<01:20, 11.60it/s]Compute v5:   1%|▏         | 13/944 [00:01<01:14, 12.51it/s]Compute v5:   2%|▏         | 15/944 [00:01<01:22, 11.25it/s]Compute v5:   2%|▏         | 17/944 [00:01<01:29, 10.42it/s]Compute v5:   2%|▏         | 19/944 [00:01<01:28, 10.41it/s]Compute v5:   2%|▏         | 21/944 [00:01<01:28, 10.46it/s]Compute v5:   2%|▏         | 23/944 [00:02<01:26, 10.70it/s]Compute v5:   3%|▎         | 25/944 [00:02<01:25, 10.79it/s]Compute v5:   3%|▎         | 27/944 [00:02<01:27, 10.51it/s]Compute v5:   3%|▎         | 29/944 [00:02<01:26, 10.59it/s]Compute v5:   3%|▎         | 31/944 [00:02<01:26, 10.55it/s]Compute v5:   3%|▎         | 33/944 [00:03<01:22, 10.99it/s]Compute v5:   4%|▎         | 35/944 [00:03<01:24, 10.71it/s]Compute v5:   4%|▍         | 37/944 [00:03<01:28, 10.24it/s]Compute v5:   4%|▍         | 39/944 [00:03<01:25, 10.54it/s]Compute v5:   4%|▍         | 41/944 [00:03<01:25, 10.56it/s]Compute v5:   5%|▍         | 43/944 [00:03<01:25, 10.56it/s]Compute v5:   5%|▍         | 45/944 [00:04<01:24, 10.69it/s]Compute v5:   5%|▍         | 47/944 [00:04<01:23, 10.79it/s]Compute v5:   5%|▌         | 49/944 [00:04<01:24, 10.65it/s]Compute v5:   5%|▌         | 51/944 [00:04<01:23, 10.73it/s]Compute v5:   6%|▌         | 53/944 [00:04<01:23, 10.67it/s]Compute v5:   6%|▌         | 55/944 [00:05<01:22, 10.71it/s]Compute v5:   6%|▌         | 57/944 [00:05<01:32,  9.56it/s]Compute v5:   6%|▌         | 58/944 [00:05<01:34,  9.37it/s]Compute v5:   6%|▋         | 60/944 [00:05<01:29,  9.86it/s]Compute v5:   7%|▋         | 62/944 [00:05<01:28,  9.93it/s]Compute v5:   7%|▋         | 64/944 [00:06<01:24, 10.39it/s]Compute v5:   7%|▋         | 66/944 [00:06<01:25, 10.31it/s]Compute v5:   7%|▋         | 68/944 [00:06<01:24, 10.40it/s]Compute v5:   7%|▋         | 70/944 [00:06<01:20, 10.91it/s]Compute v5:   8%|▊         | 72/944 [00:06<01:21, 10.75it/s]Compute v5:   8%|▊         | 74/944 [00:06<01:22, 10.52it/s]Compute v5:   8%|▊         | 76/944 [00:07<01:17, 11.17it/s]Compute v5:   8%|▊         | 78/944 [00:07<01:15, 11.51it/s]Compute v5:   8%|▊         | 80/944 [00:07<01:18, 11.05it/s]Compute v5:   9%|▊         | 82/944 [00:07<01:17, 11.06it/s]Compute v5:   9%|▉         | 84/944 [00:07<01:18, 10.89it/s]Compute v5:   9%|▉         | 86/944 [00:08<01:19, 10.85it/s]Compute v5:   9%|▉         | 88/944 [00:08<01:24, 10.19it/s]Compute v5:  10%|▉         | 90/944 [00:08<01:22, 10.39it/s]Compute v5:  10%|▉         | 92/944 [00:08<01:20, 10.61it/s]Compute v5:  10%|▉         | 94/944 [00:08<01:23, 10.20it/s]Compute v5:  10%|█         | 96/944 [00:09<01:22, 10.31it/s]Compute v5:  10%|█         | 98/944 [00:09<01:21, 10.36it/s]Compute v5:  11%|█         | 100/944 [00:09<01:21, 10.41it/s]Compute v5:  11%|█         | 102/944 [00:09<01:19, 10.59it/s]Compute v5:  11%|█         | 104/944 [00:09<01:21, 10.37it/s]Compute v5:  11%|█         | 106/944 [00:09<01:20, 10.36it/s]Compute v5:  11%|█▏        | 108/944 [00:10<01:25,  9.83it/s]Compute v5:  12%|█▏        | 110/944 [00:10<01:23, 10.02it/s]Compute v5:  12%|█▏        | 112/944 [00:10<01:21, 10.15it/s]Compute v5:  12%|█▏        | 114/944 [00:10<01:21, 10.23it/s]Compute v5:  12%|█▏        | 116/944 [00:10<01:19, 10.36it/s]Compute v5:  12%|█▎        | 118/944 [00:11<01:27,  9.44it/s]Compute v5:  13%|█▎        | 120/944 [00:11<01:24,  9.73it/s]Compute v5:  13%|█▎        | 122/944 [00:11<01:21, 10.08it/s]Compute v5:  13%|█▎        | 124/944 [00:11<01:20, 10.18it/s]Compute v5:  13%|█▎        | 126/944 [00:11<01:19, 10.32it/s]Compute v5:  14%|█▎        | 128/944 [00:12<01:17, 10.54it/s]Compute v5:  14%|█▍        | 130/944 [00:12<01:19, 10.18it/s]Compute v5:  14%|█▍        | 132/944 [00:12<01:18, 10.33it/s]Compute v5:  14%|█▍        | 134/944 [00:12<01:15, 10.72it/s]Compute v5:  14%|█▍        | 136/944 [00:12<01:16, 10.55it/s]Compute v5:  15%|█▍        | 138/944 [00:13<01:15, 10.72it/s]Compute v5:  15%|█▍        | 140/944 [00:13<01:16, 10.57it/s]Compute v5:  15%|█▌        | 142/944 [00:13<01:14, 10.82it/s]Compute v5:  15%|█▌        | 144/944 [00:13<01:14, 10.69it/s]Compute v5:  15%|█▌        | 146/944 [00:13<01:14, 10.66it/s]Compute v5:  16%|█▌        | 148/944 [00:14<01:15, 10.58it/s]Compute v5:  16%|█▌        | 150/944 [00:14<01:19,  9.96it/s]Compute v5:  16%|█▌        | 152/944 [00:14<01:18, 10.12it/s]Compute v5:  16%|█▋        | 154/944 [00:14<01:17, 10.24it/s]Compute v5:  17%|█▋        | 156/944 [00:14<01:18,  9.99it/s]Compute v5:  17%|█▋        | 158/944 [00:15<01:25,  9.22it/s]Compute v5:  17%|█▋        | 160/944 [00:15<01:21,  9.58it/s]Compute v5:  17%|█▋        | 162/944 [00:15<01:18,  9.93it/s]Compute v5:  17%|█▋        | 164/944 [00:15<01:14, 10.49it/s]Compute v5:  18%|█▊        | 166/944 [00:15<01:13, 10.56it/s]Compute v5:  18%|█▊        | 168/944 [00:16<01:13, 10.52it/s]Compute v5:  18%|█▊        | 170/944 [00:16<01:15, 10.19it/s]Compute v5:  18%|█▊        | 172/944 [00:16<01:10, 10.89it/s]Compute v5:  18%|█▊        | 174/944 [00:16<01:13, 10.54it/s]Compute v5:  19%|█▊        | 176/944 [00:16<01:08, 11.18it/s]Compute v5:  19%|█▉        | 178/944 [00:16<01:10, 10.86it/s]Compute v5:  19%|█▉        | 180/944 [00:17<01:11, 10.66it/s]Compute v5:  19%|█▉        | 182/944 [00:17<01:22,  9.19it/s]Compute v5:  19%|█▉        | 183/944 [00:17<01:21,  9.32it/s]Compute v5:  20%|█▉        | 185/944 [00:17<01:17,  9.75it/s]Compute v5:  20%|█▉        | 187/944 [00:17<01:12, 10.45it/s]Compute v5:  20%|██        | 189/944 [00:18<01:12, 10.45it/s]Compute v5:  20%|██        | 191/944 [00:18<01:16,  9.90it/s]Compute v5:  20%|██        | 193/944 [00:18<01:14, 10.12it/s]Compute v5:  21%|██        | 195/944 [00:18<01:12, 10.27it/s]Compute v5:  21%|██        | 197/944 [00:18<01:12, 10.36it/s]Compute v5:  21%|██        | 199/944 [00:19<01:11, 10.43it/s]Compute v5:  21%|██▏       | 201/944 [00:19<01:11, 10.45it/s]Compute v5:  22%|██▏       | 203/944 [00:19<01:09, 10.63it/s]Compute v5:  22%|██▏       | 205/944 [00:19<01:09, 10.57it/s]Compute v5:  22%|██▏       | 207/944 [00:19<01:09, 10.68it/s]Compute v5:  22%|██▏       | 209/944 [00:19<01:08, 10.74it/s]Compute v5:  22%|██▏       | 211/944 [00:20<01:04, 11.36it/s]Compute v5:  23%|██▎       | 213/944 [00:20<01:08, 10.73it/s]Compute v5:  23%|██▎       | 215/944 [00:20<01:03, 11.40it/s]Compute v5:  23%|██▎       | 217/944 [00:20<01:05, 11.12it/s]Compute v5:  23%|██▎       | 219/944 [00:20<01:06, 10.93it/s]Compute v5:  23%|██▎       | 221/944 [00:21<01:06, 10.87it/s]Compute v5:  24%|██▎       | 223/944 [00:21<01:06, 10.91it/s]Compute v5:  24%|██▍       | 225/944 [00:21<01:07, 10.72it/s]🧾 upserting chunk: 100,381
Compute v5:  24%|██▍       | 225/944 [00:40<01:07, 10.72it/s]Compute v5:  24%|██▍       | 226/944 [01:01<1:26:17,  7.21s/it]Compute v5:  24%|██▍       | 227/944 [01:01<1:09:05,  5.78s/it]Compute v5:  24%|██▍       | 229/944 [01:02<44:11,  3.71s/it]  Compute v5:  24%|██▍       | 230/944 [01:02<35:15,  2.96s/it]Compute v5:  24%|██▍       | 231/944 [01:02<27:28,  2.31s/it]Compute v5:  25%|██▍       | 232/944 [01:02<21:01,  1.77s/it]Compute v5:  25%|██▍       | 234/944 [01:02<12:42,  1.07s/it]Compute v5:  25%|██▌       | 236/944 [01:02<08:24,  1.40it/s]Compute v5:  25%|██▌       | 238/944 [01:03<05:51,  2.01it/s]Compute v5:  25%|██▌       | 240/944 [01:03<04:17,  2.73it/s]Compute v5:  26%|██▌       | 242/944 [01:03<03:16,  3.58it/s]Compute v5:  26%|██▌       | 244/944 [01:03<02:35,  4.51it/s]Compute v5:  26%|██▌       | 246/944 [01:03<02:03,  5.67it/s]Compute v5:  26%|██▋       | 248/944 [01:03<01:45,  6.58it/s]Compute v5:  26%|██▋       | 250/944 [01:04<01:33,  7.43it/s]Compute v5:  27%|██▋       | 252/944 [01:04<01:24,  8.22it/s]Compute v5:  27%|██▋       | 254/944 [01:04<01:18,  8.77it/s]Compute v5:  27%|██▋       | 256/944 [01:04<01:10,  9.73it/s]Compute v5:  27%|██▋       | 258/944 [01:04<01:05, 10.48it/s]Compute v5:  28%|██▊       | 260/944 [01:05<01:05, 10.44it/s]Compute v5:  28%|██▊       | 262/944 [01:05<01:08, 10.00it/s]Compute v5:  28%|██▊       | 264/944 [01:05<01:06, 10.18it/s]Compute v5:  28%|██▊       | 266/944 [01:05<01:05, 10.28it/s]Compute v5:  28%|██▊       | 268/944 [01:05<01:12,  9.37it/s]Compute v5:  29%|██▊       | 270/944 [01:06<01:09,  9.67it/s]Compute v5:  29%|██▉       | 272/944 [01:06<01:07,  9.89it/s]Compute v5:  29%|██▉       | 274/944 [01:06<01:06, 10.14it/s]Compute v5:  29%|██▉       | 276/944 [01:06<01:04, 10.28it/s]Compute v5:  29%|██▉       | 278/944 [01:06<01:04, 10.38it/s]Compute v5:  30%|██▉       | 280/944 [01:07<01:03, 10.44it/s]Compute v5:  30%|██▉       | 282/944 [01:07<01:04, 10.23it/s]Compute v5:  30%|███       | 284/944 [01:07<01:04, 10.25it/s]Compute v5:  30%|███       | 286/944 [01:07<00:59, 11.02it/s]Compute v5:  31%|███       | 288/944 [01:07<01:00, 10.89it/s]Compute v5:  31%|███       | 290/944 [01:07<01:00, 10.84it/s]Compute v5:  31%|███       | 292/944 [01:08<00:59, 10.89it/s]Compute v5:  31%|███       | 294/944 [01:08<00:59, 10.96it/s]Compute v5:  31%|███▏      | 296/944 [01:08<00:59, 10.91it/s]Compute v5:  32%|███▏      | 298/944 [01:08<01:00, 10.68it/s]Compute v5:  32%|███▏      | 300/944 [01:08<00:58, 11.00it/s]Compute v5:  32%|███▏      | 302/944 [01:09<00:56, 11.42it/s]Compute v5:  32%|███▏      | 304/944 [01:09<01:00, 10.53it/s]Compute v5:  32%|███▏      | 306/944 [01:09<01:00, 10.50it/s]Compute v5:  33%|███▎      | 308/944 [01:09<01:02, 10.22it/s]Compute v5:  33%|███▎      | 310/944 [01:09<01:04,  9.87it/s]Compute v5:  33%|███▎      | 311/944 [01:10<01:05,  9.66it/s]Compute v5:  33%|███▎      | 312/944 [01:10<01:05,  9.66it/s]Compute v5:  33%|███▎      | 313/944 [01:10<01:04,  9.73it/s]Compute v5:  33%|███▎      | 315/944 [01:10<00:58, 10.82it/s]Compute v5:  34%|███▎      | 317/944 [01:10<00:55, 11.24it/s]Compute v5:  34%|███▍      | 319/944 [01:10<00:52, 11.98it/s]Compute v5:  34%|███▍      | 321/944 [01:10<00:54, 11.39it/s]Compute v5:  34%|███▍      | 323/944 [01:11<00:55, 11.11it/s]Compute v5:  34%|███▍      | 325/944 [01:11<00:59, 10.48it/s]Compute v5:  35%|███▍      | 327/944 [01:11<00:59, 10.42it/s]Compute v5:  35%|███▍      | 329/944 [01:11<01:06,  9.28it/s]Compute v5:  35%|███▌      | 331/944 [01:11<01:02,  9.80it/s]Compute v5:  35%|███▌      | 333/944 [01:12<01:01,  9.97it/s]Compute v5:  35%|███▌      | 335/944 [01:12<00:57, 10.58it/s]Compute v5:  36%|███▌      | 337/944 [01:12<00:57, 10.57it/s]Compute v5:  36%|███▌      | 339/944 [01:12<00:57, 10.49it/s]Compute v5:  36%|███▌      | 341/944 [01:12<00:56, 10.61it/s]Compute v5:  36%|███▋      | 343/944 [01:13<00:55, 10.79it/s]Compute v5:  37%|███▋      | 345/944 [01:13<00:56, 10.66it/s]Compute v5:  37%|███▋      | 347/944 [01:13<00:55, 10.73it/s]Compute v5:  37%|███▋      | 349/944 [01:13<00:55, 10.81it/s]Compute v5:  37%|███▋      | 351/944 [01:13<00:55, 10.68it/s]Compute v5:  37%|███▋      | 353/944 [01:13<00:54, 10.78it/s]Compute v5:  38%|███▊      | 355/944 [01:14<00:57, 10.33it/s]Compute v5:  38%|███▊      | 357/944 [01:14<00:55, 10.49it/s]Compute v5:  38%|███▊      | 359/944 [01:14<00:56, 10.31it/s]Compute v5:  38%|███▊      | 361/944 [01:14<00:55, 10.47it/s]Compute v5:  38%|███▊      | 363/944 [01:14<00:55, 10.38it/s]Compute v5:  39%|███▊      | 365/944 [01:15<00:55, 10.44it/s]Compute v5:  39%|███▉      | 367/944 [01:15<00:54, 10.62it/s]Compute v5:  39%|███▉      | 369/944 [01:15<00:52, 11.02it/s]Compute v5:  39%|███▉      | 371/944 [01:15<00:52, 10.95it/s]Compute v5:  40%|███▉      | 373/944 [01:15<00:52, 10.87it/s]Compute v5:  40%|███▉      | 375/944 [01:16<00:53, 10.69it/s]Compute v5:  40%|███▉      | 377/944 [01:16<00:53, 10.58it/s]Compute v5:  40%|████      | 379/944 [01:16<00:52, 10.70it/s]Compute v5:  40%|████      | 381/944 [01:16<00:53, 10.55it/s]Compute v5:  41%|████      | 383/944 [01:16<00:52, 10.62it/s]Compute v5:  41%|████      | 385/944 [01:16<00:50, 11.07it/s]Compute v5:  41%|████      | 387/944 [01:17<00:51, 10.86it/s]Compute v5:  41%|████      | 389/944 [01:17<00:51, 10.72it/s]Compute v5:  41%|████▏     | 391/944 [01:17<00:52, 10.62it/s]Compute v5:  42%|████▏     | 393/944 [01:17<00:48, 11.44it/s]Compute v5:  42%|████▏     | 395/944 [01:17<00:46, 11.91it/s]Compute v5:  42%|████▏     | 397/944 [01:18<00:57,  9.56it/s]Compute v5:  42%|████▏     | 399/944 [01:18<00:55,  9.76it/s]Compute v5:  42%|████▏     | 401/944 [01:18<00:53, 10.11it/s]Compute v5:  43%|████▎     | 403/944 [01:18<00:52, 10.22it/s]Compute v5:  43%|████▎     | 405/944 [01:18<00:52, 10.36it/s]Compute v5:  43%|████▎     | 407/944 [01:19<00:51, 10.39it/s]Compute v5:  43%|████▎     | 409/944 [01:19<00:51, 10.40it/s]Compute v5:  44%|████▎     | 411/944 [01:19<00:50, 10.45it/s]Compute v5:  44%|████▍     | 413/944 [01:19<00:47, 11.12it/s]Compute v5:  44%|████▍     | 415/944 [01:19<00:46, 11.50it/s]Compute v5:  44%|████▍     | 417/944 [01:19<00:50, 10.46it/s]Compute v5:  44%|████▍     | 419/944 [01:20<00:50, 10.43it/s]Compute v5:  45%|████▍     | 421/944 [01:20<00:46, 11.27it/s]Compute v5:  45%|████▍     | 423/944 [01:20<00:46, 11.13it/s]Compute v5:  45%|████▌     | 425/944 [01:20<00:47, 10.91it/s]Compute v5:  45%|████▌     | 427/944 [01:20<00:41, 12.52it/s]Compute v5:  45%|████▌     | 429/944 [01:20<00:42, 12.25it/s]Compute v5:  46%|████▌     | 431/944 [01:21<00:42, 12.18it/s]Compute v5:  46%|████▌     | 433/944 [01:21<00:43, 11.65it/s]Compute v5:  46%|████▌     | 435/944 [01:21<00:45, 11.29it/s]Compute v5:  46%|████▋     | 437/944 [01:21<00:45, 11.15it/s]Compute v5:  47%|████▋     | 439/944 [01:21<00:46, 10.82it/s]Compute v5:  47%|████▋     | 441/944 [01:22<00:49, 10.24it/s]Compute v5:  47%|████▋     | 443/944 [01:22<00:47, 10.57it/s]Compute v5:  47%|████▋     | 445/944 [01:22<00:47, 10.47it/s]Compute v5:  47%|████▋     | 447/944 [01:22<00:46, 10.59it/s]Compute v5:  48%|████▊     | 449/944 [01:22<00:47, 10.51it/s]Compute v5:  48%|████▊     | 451/944 [01:23<00:46, 10.53it/s]Compute v5:  48%|████▊     | 453/944 [01:23<00:45, 10.81it/s]Compute v5:  48%|████▊     | 455/944 [01:23<00:42, 11.37it/s]Compute v5:  48%|████▊     | 457/944 [01:23<00:43, 11.15it/s]Compute v5:  49%|████▊     | 459/944 [01:23<00:44, 11.01it/s]Compute v5:  49%|████▉     | 461/944 [01:23<00:41, 11.65it/s]Compute v5:  49%|████▉     | 463/944 [01:24<00:41, 11.56it/s]🧾 upserting chunk: 100,400
Compute v5:  49%|████▉     | 463/944 [01:40<00:41, 11.56it/s]Compute v5:  49%|████▉     | 465/944 [02:11<57:30,  7.20s/it]Compute v5:  49%|████▉     | 466/944 [02:11<47:25,  5.95s/it]Compute v5:  50%|████▉     | 468/944 [02:12<31:40,  3.99s/it]Compute v5:  50%|████▉     | 470/944 [02:12<21:35,  2.73s/it]Compute v5:  50%|█████     | 472/944 [02:12<14:54,  1.89s/it]Compute v5:  50%|█████     | 474/944 [02:12<10:28,  1.34s/it]Compute v5:  50%|█████     | 476/944 [02:12<07:26,  1.05it/s]Compute v5:  51%|█████     | 478/944 [02:12<05:22,  1.45it/s]Compute v5:  51%|█████     | 480/944 [02:13<03:56,  1.96it/s]Compute v5:  51%|█████     | 482/944 [02:13<02:57,  2.61it/s]Compute v5:  51%|█████▏    | 484/944 [02:13<02:16,  3.37it/s]Compute v5:  51%|█████▏    | 486/944 [02:13<01:52,  4.06it/s]Compute v5:  52%|█████▏    | 488/944 [02:13<01:31,  4.99it/s]Compute v5:  52%|█████▏    | 490/944 [02:14<01:17,  5.89it/s]Compute v5:  52%|█████▏    | 492/944 [02:14<01:02,  7.20it/s]Compute v5:  52%|█████▏    | 494/944 [02:14<00:53,  8.44it/s]Compute v5:  53%|█████▎    | 496/944 [02:14<00:47,  9.42it/s]Compute v5:  53%|█████▎    | 498/944 [02:14<00:45,  9.74it/s]Compute v5:  53%|█████▎    | 500/944 [02:15<00:45,  9.85it/s]Compute v5:  53%|█████▎    | 502/944 [02:15<00:42, 10.51it/s]Compute v5:  53%|█████▎    | 504/944 [02:15<00:38, 11.42it/s]Compute v5:  54%|█████▎    | 506/944 [02:15<00:39, 10.98it/s]Compute v5:  54%|█████▍    | 508/944 [02:15<00:38, 11.20it/s]Compute v5:  54%|█████▍    | 510/944 [02:15<00:35, 12.15it/s]Compute v5:  54%|█████▍    | 512/944 [02:15<00:34, 12.46it/s]Compute v5:  54%|█████▍    | 514/944 [02:16<00:32, 13.16it/s]Compute v5:  55%|█████▍    | 516/944 [02:16<00:34, 12.24it/s]Compute v5:  55%|█████▍    | 518/944 [02:16<00:34, 12.40it/s]Compute v5:  55%|█████▌    | 520/944 [02:16<00:35, 11.81it/s]Compute v5:  55%|█████▌    | 522/944 [02:16<00:36, 11.56it/s]Compute v5:  56%|█████▌    | 524/944 [02:17<00:39, 10.66it/s]Compute v5:  56%|█████▌    | 526/944 [02:17<00:39, 10.60it/s]Compute v5:  56%|█████▌    | 528/944 [02:17<00:39, 10.65it/s]Compute v5:  56%|█████▌    | 530/944 [02:17<00:39, 10.48it/s]Compute v5:  56%|█████▋    | 532/944 [02:17<00:39, 10.51it/s]Compute v5:  57%|█████▋    | 534/944 [02:17<00:39, 10.44it/s]Compute v5:  57%|█████▋    | 536/944 [02:18<00:38, 10.48it/s]Compute v5:  57%|█████▋    | 539/944 [02:18<00:32, 12.47it/s]Compute v5:  57%|█████▋    | 541/944 [02:18<00:32, 12.57it/s]Compute v5:  58%|█████▊    | 543/944 [02:18<00:33, 12.02it/s]Compute v5:  58%|█████▊    | 545/944 [02:18<00:34, 11.60it/s]Compute v5:  58%|█████▊    | 547/944 [02:19<00:35, 11.30it/s]Compute v5:  58%|█████▊    | 549/944 [02:19<00:35, 11.00it/s]Compute v5:  58%|█████▊    | 551/944 [02:19<00:35, 10.95it/s]Compute v5:  59%|█████▊    | 553/944 [02:19<00:35, 10.88it/s]Compute v5:  59%|█████▉    | 555/944 [02:19<00:41,  9.34it/s]Compute v5:  59%|█████▉    | 557/944 [02:20<00:39,  9.92it/s]Compute v5:  59%|█████▉    | 559/944 [02:20<00:38, 10.10it/s]Compute v5:  59%|█████▉    | 561/944 [02:20<00:35, 10.87it/s]Compute v5:  60%|█████▉    | 563/944 [02:20<00:35, 10.82it/s]Compute v5:  60%|█████▉    | 565/944 [02:20<00:34, 10.88it/s]Compute v5:  60%|██████    | 567/944 [02:20<00:35, 10.73it/s]Compute v5:  60%|██████    | 569/944 [02:21<00:34, 10.72it/s]Compute v5:  60%|██████    | 571/944 [02:21<00:34, 10.85it/s]Compute v5:  61%|██████    | 573/944 [02:21<00:34, 10.83it/s]Compute v5:  61%|██████    | 575/944 [02:21<00:34, 10.59it/s]Compute v5:  61%|██████    | 577/944 [02:21<00:34, 10.62it/s]Compute v5:  61%|██████▏   | 579/944 [02:22<00:34, 10.47it/s]Compute v5:  62%|██████▏   | 581/944 [02:22<00:34, 10.49it/s]Compute v5:  62%|██████▏   | 583/944 [02:22<00:32, 11.14it/s]Compute v5:  62%|██████▏   | 585/944 [02:22<00:33, 10.67it/s]Compute v5:  62%|██████▏   | 587/944 [02:22<00:33, 10.60it/s]Compute v5:  62%|██████▏   | 589/944 [02:23<00:33, 10.54it/s]Compute v5:  63%|██████▎   | 591/944 [02:23<00:33, 10.66it/s]Compute v5:  63%|██████▎   | 593/944 [02:23<00:33, 10.63it/s]Compute v5:  63%|██████▎   | 595/944 [02:23<00:30, 11.46it/s]Compute v5:  63%|██████▎   | 597/944 [02:23<00:32, 10.56it/s]Compute v5:  63%|██████▎   | 599/944 [02:23<00:32, 10.73it/s]Compute v5:  64%|██████▎   | 601/944 [02:24<00:32, 10.70it/s]Compute v5:  64%|██████▍   | 603/944 [02:24<00:32, 10.42it/s]Compute v5:  64%|██████▍   | 605/944 [02:24<00:32, 10.57it/s]Compute v5:  64%|██████▍   | 607/944 [02:24<00:31, 10.53it/s]Compute v5:  65%|██████▍   | 609/944 [02:24<00:31, 10.48it/s]Compute v5:  65%|██████▍   | 611/944 [02:25<00:31, 10.59it/s]Compute v5:  65%|██████▍   | 613/944 [02:25<00:30, 10.68it/s]Compute v5:  65%|██████▌   | 615/944 [02:25<00:28, 11.35it/s]Compute v5:  65%|██████▌   | 617/944 [02:25<00:34,  9.44it/s]Compute v5:  66%|██████▌   | 619/944 [02:25<00:34,  9.53it/s]Compute v5:  66%|██████▌   | 621/944 [02:26<00:33,  9.76it/s]Compute v5:  66%|██████▌   | 623/944 [02:26<00:31, 10.10it/s]Compute v5:  66%|██████▌   | 625/944 [02:26<00:30, 10.54it/s]Compute v5:  66%|██████▋   | 627/944 [02:26<00:30, 10.47it/s]Compute v5:  67%|██████▋   | 629/944 [02:26<00:29, 10.58it/s]Compute v5:  67%|██████▋   | 631/944 [02:27<00:29, 10.51it/s]Compute v5:  67%|██████▋   | 633/944 [02:27<00:28, 10.99it/s]Compute v5:  67%|██████▋   | 635/944 [02:27<00:28, 10.90it/s]Compute v5:  67%|██████▋   | 637/944 [02:27<00:28, 10.80it/s]Compute v5:  68%|██████▊   | 639/944 [02:27<00:30, 10.14it/s]Compute v5:  68%|██████▊   | 641/944 [02:28<00:29, 10.29it/s]Compute v5:  68%|██████▊   | 643/944 [02:28<00:27, 11.11it/s]Compute v5:  68%|██████▊   | 645/944 [02:28<00:27, 11.02it/s]Compute v5:  69%|██████▊   | 647/944 [02:28<00:27, 10.90it/s]Compute v5:  69%|██████▉   | 649/944 [02:28<00:27, 10.63it/s]Compute v5:  69%|██████▉   | 651/944 [02:28<00:27, 10.61it/s]Compute v5:  69%|██████▉   | 653/944 [02:29<00:27, 10.72it/s]Compute v5:  69%|██████▉   | 655/944 [02:29<00:27, 10.49it/s]Compute v5:  70%|██████▉   | 657/944 [02:29<00:27, 10.42it/s]Compute v5:  70%|██████▉   | 659/944 [02:29<00:27, 10.41it/s]Compute v5:  70%|███████   | 661/944 [02:29<00:28, 10.03it/s]Compute v5:  70%|███████   | 663/944 [02:30<00:27, 10.14it/s]Compute v5:  70%|███████   | 665/944 [02:30<00:27, 10.22it/s]Compute v5:  71%|███████   | 667/944 [02:30<00:26, 10.47it/s]Compute v5:  71%|███████   | 669/944 [02:30<00:26, 10.42it/s]Compute v5:  71%|███████   | 671/944 [02:30<00:26, 10.41it/s]Compute v5:  71%|███████▏  | 673/944 [02:31<00:24, 10.93it/s]Compute v5:  72%|███████▏  | 675/944 [02:31<00:24, 10.94it/s]Compute v5:  72%|███████▏  | 677/944 [02:31<00:24, 10.76it/s]Compute v5:  72%|███████▏  | 679/944 [02:31<00:24, 10.77it/s]Compute v5:  72%|███████▏  | 681/944 [02:31<00:24, 10.79it/s]Compute v5:  72%|███████▏  | 683/944 [02:31<00:24, 10.74it/s]Compute v5:  73%|███████▎  | 685/944 [02:32<00:23, 10.84it/s]Compute v5:  73%|███████▎  | 687/944 [02:32<00:22, 11.20it/s]Compute v5:  73%|███████▎  | 689/944 [02:32<00:27,  9.43it/s]Compute v5:  73%|███████▎  | 691/944 [02:32<00:25,  9.83it/s]Compute v5:  73%|███████▎  | 693/944 [02:32<00:25,  9.97it/s]Compute v5:  74%|███████▎  | 695/944 [02:33<00:23, 10.74it/s]Compute v5:  74%|███████▍  | 697/944 [02:33<00:23, 10.71it/s]Compute v5:  74%|███████▍  | 699/944 [02:33<00:22, 10.71it/s]Compute v5:  74%|███████▍  | 701/944 [02:33<00:23, 10.56it/s]Compute v5:  74%|███████▍  | 703/944 [02:33<00:24,  9.91it/s]🧾 upserting chunk: 100,127
Compute v5:  74%|███████▍  | 703/944 [02:50<00:24,  9.91it/s]Compute v5:  75%|███████▍  | 705/944 [03:51<46:47, 11.75s/it]Compute v5:  75%|███████▍  | 706/944 [03:51<38:26,  9.69s/it]Compute v5:  75%|███████▍  | 707/944 [03:51<30:39,  7.76s/it]Compute v5:  75%|███████▌  | 708/944 [03:52<23:48,  6.05s/it]Compute v5:  75%|███████▌  | 709/944 [03:52<18:03,  4.61s/it]Compute v5:  75%|███████▌  | 710/944 [03:52<13:28,  3.46s/it]Compute v5:  75%|███████▌  | 712/944 [03:52<07:50,  2.03s/it]Compute v5:  76%|███████▌  | 714/944 [03:52<04:59,  1.30s/it]Compute v5:  76%|███████▌  | 716/944 [03:52<03:18,  1.15it/s]Compute v5:  76%|███████▌  | 718/944 [03:53<02:18,  1.63it/s]Compute v5:  76%|███████▋  | 720/944 [03:53<01:39,  2.24it/s]Compute v5:  76%|███████▋  | 722/944 [03:53<01:14,  2.98it/s]Compute v5:  77%|███████▋  | 724/944 [03:53<00:57,  3.82it/s]Compute v5:  77%|███████▋  | 726/944 [03:53<00:45,  4.78it/s]Compute v5:  77%|███████▋  | 728/944 [03:53<00:37,  5.77it/s]Compute v5:  77%|███████▋  | 730/944 [03:54<00:31,  6.74it/s]Compute v5:  78%|███████▊  | 732/944 [03:54<00:27,  7.62it/s]Compute v5:  78%|███████▊  | 734/944 [03:54<00:25,  8.14it/s]Compute v5:  78%|███████▊  | 736/944 [03:54<00:25,  8.25it/s]Compute v5:  78%|███████▊  | 738/944 [03:54<00:23,  8.84it/s]Compute v5:  78%|███████▊  | 740/944 [03:55<00:21,  9.35it/s]Compute v5:  79%|███████▊  | 742/944 [03:55<00:20,  9.62it/s]Compute v5:  79%|███████▉  | 744/944 [03:55<00:19, 10.01it/s]Compute v5:  79%|███████▉  | 746/944 [03:55<00:20,  9.61it/s]Compute v5:  79%|███████▉  | 748/944 [03:55<00:19, 10.01it/s]Compute v5:  79%|███████▉  | 750/944 [03:56<00:19, 10.16it/s]Compute v5:  80%|███████▉  | 752/944 [03:56<00:18, 10.48it/s]Compute v5:  80%|███████▉  | 754/944 [03:56<00:18, 10.48it/s]Compute v5:  80%|████████  | 756/944 [03:56<00:17, 10.57it/s]Compute v5:  80%|████████  | 758/944 [03:56<00:17, 10.51it/s]Compute v5:  81%|████████  | 760/944 [03:57<00:17, 10.37it/s]Compute v5:  81%|████████  | 762/944 [03:57<00:16, 10.85it/s]Compute v5:  81%|████████  | 764/944 [03:57<00:16, 10.68it/s]Compute v5:  81%|████████  | 766/944 [03:57<00:16, 10.75it/s]Compute v5:  81%|████████▏ | 768/944 [03:57<00:15, 11.29it/s]Compute v5:  82%|████████▏ | 770/944 [03:57<00:16, 10.84it/s]Compute v5:  82%|████████▏ | 772/944 [03:58<00:15, 10.76it/s]Compute v5:  82%|████████▏ | 774/944 [03:58<00:17, 10.00it/s]Compute v5:  82%|████████▏ | 776/944 [03:58<00:17,  9.74it/s]Compute v5:  82%|████████▏ | 778/944 [03:58<00:16, 10.08it/s]Compute v5:  83%|████████▎ | 780/944 [03:58<00:16, 10.15it/s]Compute v5:  83%|████████▎ | 782/944 [03:59<00:16,  9.56it/s]Compute v5:  83%|████████▎ | 784/944 [03:59<00:15, 10.28it/s]Compute v5:  83%|████████▎ | 786/944 [03:59<00:15, 10.45it/s]Compute v5:  83%|████████▎ | 788/944 [03:59<00:15, 10.27it/s]Compute v5:  84%|████████▎ | 790/944 [03:59<00:14, 10.29it/s]Compute v5:  84%|████████▍ | 792/944 [04:00<00:14, 10.36it/s]Compute v5:  84%|████████▍ | 794/944 [04:00<00:14, 10.58it/s]Compute v5:  84%|████████▍ | 796/944 [04:00<00:14,  9.94it/s]Compute v5:  85%|████████▍ | 798/944 [04:00<00:14, 10.19it/s]Compute v5:  85%|████████▍ | 800/944 [04:00<00:13, 10.29it/s]Compute v5:  85%|████████▍ | 802/944 [04:01<00:13, 10.47it/s]Compute v5:  85%|████████▌ | 804/944 [04:01<00:13, 10.37it/s]Compute v5:  85%|████████▌ | 806/944 [04:01<00:13, 10.48it/s]Compute v5:  86%|████████▌ | 808/944 [04:01<00:12, 10.60it/s]Compute v5:  86%|████████▌ | 810/944 [04:01<00:12, 10.51it/s]Compute v5:  86%|████████▌ | 812/944 [04:02<00:12, 10.64it/s]Compute v5:  86%|████████▌ | 814/944 [04:02<00:12, 10.61it/s]Compute v5:  86%|████████▋ | 816/944 [04:02<00:12, 10.25it/s]Compute v5:  87%|████████▋ | 818/944 [04:02<00:12, 10.26it/s]Compute v5:  87%|████████▋ | 820/944 [04:02<00:11, 11.16it/s]Compute v5:  87%|████████▋ | 822/944 [04:02<00:11, 10.90it/s]Compute v5:  87%|████████▋ | 824/944 [04:03<00:10, 11.52it/s]Compute v5:  88%|████████▊ | 826/944 [04:03<00:10, 11.10it/s]Compute v5:  88%|████████▊ | 828/944 [04:03<00:09, 12.07it/s]Compute v5:  88%|████████▊ | 830/944 [04:03<00:09, 11.98it/s]Compute v5:  88%|████████▊ | 832/944 [04:03<00:09, 11.57it/s]Compute v5:  88%|████████▊ | 834/944 [04:03<00:09, 11.67it/s]Compute v5:  89%|████████▊ | 836/944 [04:04<00:09, 11.31it/s]Compute v5:  89%|████████▉ | 838/944 [04:04<00:09, 10.73it/s]Compute v5:  89%|████████▉ | 840/944 [04:04<00:09, 10.98it/s]Compute v5:  89%|████████▉ | 842/944 [04:04<00:09, 10.83it/s]Compute v5:  89%|████████▉ | 844/944 [04:04<00:08, 11.59it/s]Compute v5:  90%|████████▉ | 846/944 [04:05<00:09,  9.85it/s]Compute v5:  90%|████████▉ | 848/944 [04:05<00:09,  9.88it/s]Compute v5:  90%|█████████ | 850/944 [04:05<00:09, 10.07it/s]Compute v5:  90%|█████████ | 852/944 [04:05<00:08, 10.42it/s]Compute v5:  90%|█████████ | 854/944 [04:05<00:08, 10.48it/s]Compute v5:  91%|█████████ | 856/944 [04:06<00:08, 10.75it/s]Compute v5:  91%|█████████ | 858/944 [04:06<00:07, 11.42it/s]Compute v5:  91%|█████████ | 860/944 [04:06<00:08, 10.34it/s]Compute v5:  91%|█████████▏| 862/944 [04:06<00:07, 11.43it/s]Compute v5:  92%|█████████▏| 864/944 [04:06<00:07, 11.29it/s]Compute v5:  92%|█████████▏| 866/944 [04:06<00:07, 10.96it/s]Compute v5:  92%|█████████▏| 868/944 [04:07<00:06, 11.91it/s]Compute v5:  92%|█████████▏| 870/944 [04:07<00:05, 12.52it/s]Compute v5:  92%|█████████▏| 872/944 [04:07<00:06, 11.99it/s]Compute v5:  93%|█████████▎| 874/944 [04:07<00:06, 11.26it/s]Compute v5:  93%|█████████▎| 876/944 [04:07<00:06, 11.15it/s]Compute v5:  93%|█████████▎| 878/944 [04:08<00:05, 11.10it/s]Compute v5:  93%|█████████▎| 880/944 [04:08<00:05, 11.01it/s]Compute v5:  93%|█████████▎| 882/944 [04:08<00:05, 10.84it/s]Compute v5:  94%|█████████▎| 884/944 [04:08<00:05, 10.66it/s]Compute v5:  94%|█████████▍| 886/944 [04:08<00:05, 10.33it/s]Compute v5:  94%|█████████▍| 888/944 [04:08<00:05, 11.07it/s]Compute v5:  94%|█████████▍| 890/944 [04:09<00:04, 11.95it/s]Compute v5:  94%|█████████▍| 892/944 [04:09<00:04, 11.83it/s]Compute v5:  95%|█████████▍| 894/944 [04:09<00:04, 11.18it/s]Compute v5:  95%|█████████▍| 896/944 [04:09<00:04, 11.04it/s]Compute v5:  95%|█████████▌| 898/944 [04:09<00:04, 11.03it/s]Compute v5:  95%|█████████▌| 900/944 [04:09<00:03, 11.24it/s]Compute v5:  96%|█████████▌| 902/944 [04:10<00:03, 11.07it/s]Compute v5:  96%|█████████▌| 904/944 [04:10<00:03, 10.73it/s]Compute v5:  96%|█████████▌| 906/944 [04:10<00:03, 10.53it/s]Compute v5:  96%|█████████▌| 908/944 [04:10<00:03, 10.86it/s]Compute v5:  96%|█████████▋| 910/944 [04:10<00:03, 11.33it/s]Compute v5:  97%|█████████▋| 912/944 [04:11<00:02, 11.06it/s]Compute v5:  97%|█████████▋| 914/944 [04:11<00:02, 10.90it/s]Compute v5:  97%|█████████▋| 916/944 [04:11<00:02, 10.77it/s]Compute v5:  97%|█████████▋| 918/944 [04:11<00:02, 10.68it/s]Compute v5:  97%|█████████▋| 920/944 [04:11<00:02, 10.71it/s]Compute v5:  98%|█████████▊| 922/944 [04:12<00:02,  9.15it/s]Compute v5:  98%|█████████▊| 924/944 [04:12<00:02,  9.66it/s]Compute v5:  98%|█████████▊| 926/944 [04:12<00:01,  9.26it/s]Compute v5:  98%|█████████▊| 928/944 [04:12<00:01, 10.00it/s]Compute v5:  99%|█████████▊| 930/944 [04:12<00:01, 10.14it/s]Compute v5:  99%|█████████▊| 932/944 [04:13<00:01, 10.31it/s]Compute v5:  99%|█████████▉| 934/944 [04:13<00:00, 10.41it/s]Compute v5:  99%|█████████▉| 936/944 [04:13<00:00, 10.48it/s]Compute v5:  99%|█████████▉| 938/944 [04:13<00:00, 10.71it/s]Compute v5:  99%|█████████▉| 938/944 [04:13<00:01,  3.70it/s]
🧾 upserting final: 98,011
✅ refreshed view v_stock_indicators
✅ done v5 JSONB
C:\drv_D\GitRepo\thai-stock-screener\indicators\compute_signalsV2.py:83: UserWarning: pandas only supports SQLAlchemy connectable (engine/connection) or database string URI or sqlite3 DBAPI2 connection. Other DBAPI2 objects are not tested. Please consider using SQLAlchemy.
  return pd.read_sql(q, conn, params=(start,))
C:\drv_D\GitRepo\thai-stock-screener\indicators\compute_signalsV2.py:90: UserWarning: pandas only supports SQLAlchemy connectable (engine/connection) or database string URI or sqlite3 DBAPI2 connection. Other DBAPI2 objects are not tested. Please consider using SQLAlchemy.
  df = pd.read_sql(q, conn)
Compute signals:   0%|          | 0/909 [00:00<?, ?it/s]Compute signals:   1%|▏         | 13/909 [00:00<00:07, 124.74it/s]Compute signals:   3%|▎         | 26/909 [00:00<00:07, 125.11it/s]Compute signals:   4%|▍         | 39/909 [00:00<00:07, 121.94it/s]Compute signals:   6%|▌         | 52/909 [00:00<00:07, 119.29it/s]Compute signals:   7%|▋         | 64/909 [00:00<00:07, 111.44it/s]Compute signals:   8%|▊         | 77/909 [00:00<00:07, 116.14it/s]Compute signals:  10%|▉         | 89/909 [00:00<00:06, 117.24it/s]Compute signals:  11%|█▏        | 103/909 [00:00<00:06, 122.75it/s]Compute signals:  13%|█▎        | 116/909 [00:00<00:06, 120.48it/s]Compute signals:  14%|█▍        | 130/909 [00:01<00:06, 124.71it/s]Compute signals:  16%|█▌        | 144/909 [00:01<00:05, 128.53it/s]Compute signals:  17%|█▋        | 159/909 [00:01<00:05, 133.88it/s]Compute signals:  19%|█▉        | 173/909 [00:01<00:05, 133.13it/s]Compute signals:  21%|██        | 187/909 [00:01<00:05, 133.00it/s]Compute signals:  22%|██▏       | 202/909 [00:01<00:05, 136.04it/s]Compute signals:  24%|██▍       | 216/909 [00:01<00:05, 136.13it/s]Compute signals:  25%|██▌       | 230/909 [00:01<00:05, 133.72it/s]Compute signals:  27%|██▋       | 244/909 [00:01<00:04, 133.35it/s]Compute signals:  28%|██▊       | 259/909 [00:02<00:04, 137.11it/s]Compute signals:  30%|███       | 273/909 [00:02<00:04, 135.80it/s]Compute signals:  32%|███▏      | 288/909 [00:02<00:04, 138.36it/s]Compute signals:  33%|███▎      | 302/909 [00:02<00:04, 138.71it/s]Compute signals:  35%|███▍      | 316/909 [00:02<00:04, 129.75it/s]Compute signals:  36%|███▋      | 330/909 [00:02<00:04, 131.78it/s]Compute signals:  38%|███▊      | 345/909 [00:02<00:04, 133.68it/s]Compute signals:  39%|███▉      | 359/909 [00:02<00:04, 134.71it/s]Compute signals:  41%|████      | 374/909 [00:02<00:03, 138.31it/s]Compute signals:  43%|████▎     | 390/909 [00:02<00:03, 141.48it/s]Compute signals:  45%|████▍     | 405/909 [00:03<00:03, 135.32it/s]Compute signals:  46%|████▋     | 421/909 [00:03<00:03, 139.29it/s]Compute signals:  48%|████▊     | 436/909 [00:03<00:03, 139.25it/s]Compute signals:  50%|████▉     | 451/909 [00:03<00:03, 140.78it/s]Compute signals:  51%|█████▏    | 466/909 [00:03<00:03, 139.64it/s]Compute signals:  53%|█████▎    | 480/909 [00:03<00:03, 139.54it/s]Compute signals:  55%|█████▍    | 497/909 [00:03<00:02, 146.41it/s]Compute signals:  56%|█████▋    | 512/909 [00:03<00:02, 142.01it/s]Compute signals:  58%|█████▊    | 527/909 [00:03<00:02, 134.16it/s]Compute signals:  60%|█████▉    | 541/909 [00:04<00:02, 132.77it/s]Compute signals:  61%|██████    | 555/909 [00:04<00:02, 131.89it/s]Compute signals:  63%|██████▎   | 569/909 [00:04<00:02, 134.08it/s]Compute signals:  64%|██████▍   | 584/909 [00:04<00:02, 133.92it/s]Compute signals:  66%|██████▌   | 598/909 [00:04<00:02, 119.90it/s]Compute signals:  67%|██████▋   | 613/909 [00:04<00:02, 127.60it/s]Compute signals:  69%|██████▉   | 627/909 [00:04<00:02, 129.23it/s]Compute signals:  71%|███████   | 641/909 [00:04<00:02, 131.50it/s]Compute signals:  72%|███████▏  | 657/909 [00:04<00:01, 138.80it/s]Compute signals:  74%|███████▍  | 672/909 [00:05<00:01, 135.31it/s]Compute signals:  76%|███████▌  | 687/909 [00:05<00:01, 136.50it/s]Compute signals:  77%|███████▋  | 702/909 [00:05<00:01, 139.55it/s]Compute signals:  79%|███████▉  | 717/909 [00:05<00:01, 142.34it/s]Compute signals:  81%|████████  | 732/909 [00:05<00:01, 139.57it/s]Compute signals:  82%|████████▏ | 747/909 [00:05<00:01, 141.17it/s]Compute signals:  84%|████████▍ | 762/909 [00:05<00:01, 142.91it/s]Compute signals:  85%|████████▌ | 777/909 [00:05<00:00, 138.43it/s]Compute signals:  87%|████████▋ | 792/909 [00:05<00:00, 141.38it/s]Compute signals:  89%|████████▉ | 808/909 [00:06<00:00, 145.45it/s]Compute signals:  91%|█████████ | 823/909 [00:06<00:00, 141.21it/s]Compute signals:  92%|█████████▏| 838/909 [00:06<00:00, 140.48it/s]Compute signals:  94%|█████████▍| 854/909 [00:06<00:00, 143.15it/s]Compute signals:  96%|█████████▌| 869/909 [00:06<00:00, 140.39it/s]Compute signals:  97%|█████████▋| 884/909 [00:06<00:00, 139.29it/s]Compute signals:  99%|█████████▉| 898/909 [00:06<00:00, 135.26it/s]Compute signals: 100%|██████████| 909/909 [00:06<00:00, 134.47it/s]
🧾 Writing 914 updated signals ...
✅ Done compute_signals.
🔄 Syncing EOD Trailing Stop & Sending Telegram Summary...
✅ ซิงค์ EOD และส่งรายงานพอร์ตสำเร็จ
at 2026-09-14 19:31:10 => ✅ Stock prices, indicators, and signals updated.
Task Update finished at 2026-09-14 19:31:10
=========================================

[FINISH] task_update exited with code 0 at 2026-09-14 19:31:13
